nameproduct,marca,Sub Category,Category,Fecha de creación,precio
"Bicicleta Viper Aro 26"" Negro",Fratta,Bicicleta,DEPORTES,03/25/2018,379
" Bicicleta Viper DH Aro 26"" Negro",Fratta,Bicicleta,DEPORTES,1/11/2017,379
 Bicicleta Folding Bike Aro 20 Gris,Scoop,Bicicleta,DEPORTES,05/17/2018,399
 Bicicleta Viper Aro 20,Fratta,Bicicleta,DEPORTES,04/28/2018,299
 Bicicleta Mujer Cosmopolitan BP2630 Negra Aro 26,Oxford,Bicicleta,DEPORTES,02/16/2017,559
" Bicicleta Amsterdam Aro 28"" Blanco",Scoop,Bicicleta,DEPORTES,05/26/2018,399
 Piscina estructural Fast Set Pools,Bestway,Piscina,DEPORTES,06/05/2017,329
 Piscina estructural Steel Pro MAX Round Pools,Bestway,Piscina,DEPORTES,05/29/2017,499
 Piscina 118x79,Bestway,Piscina,DEPORTES,03/28/2018,149
 Piscina estructural 56432,Bestway,Piscina,DEPORTES,05/07/2018,479
Piscina estructural Power Steel Rectangular Pools,Bestway,Piscina,DEPORTES,11/12/2017,5999
 Piscina Inflable 54117,Bestway,Piscina,DEPORTES,11/23/2017,99
 Piscina estructural Power Steel Splash Frame 1800 ml,Bestway,Piscina,DEPORTES,09/10/2017,379
Mochila Classic Mini Blue Boy,Bubba bag,Carteras y Mochilas,ACCESORIOS,03/31/2018,109.9
Mochila Classic Mini Acid Lime,Bubba bag,Carteras y Mochilas,ACCESORIOS,02/01/2018,109.9
Mochila Classic Mini Tentation,Bubba bag,Carteras y Mochilas,ACCESORIOS,09/18/2017,109.9
Mochila Classic Mini Malice,Bubba bag,Carteras y Mochilas,ACCESORIOS,09/17/2017,109.9
Mochila Classic Mini Azuré,Bubba bag,Carteras y Mochilas,ACCESORIOS,08/09/2017,109.9
Cartera,Sybilla,Carteras y Mochilas,ACCESORIOS,05/16/2018,41.4
Billetera Estrellas,Sybilla,Carteras y Mochilas,ACCESORIOS,06/21/2017,20.93
Cartera Cruzada,Sybilla,Carteras y Mochilas,ACCESORIOS,04/03/2018,34.5
Billetera Forever,Sybilla,Carteras y Mochilas,ACCESORIOS,06/15/2017,20.93
Billetera Quilt Tachas,Sybilla,Carteras y Mochilas,ACCESORIOS,11/27/2017,20.93
Cartera de Hombro,Stefano Cocci,Carteras y Mochilas,ACCESORIOS,02/23/2018,35.6
Cartera Cruzada,Stefano Cocci,Carteras y Mochilas,ACCESORIOS,04/01/2017,35.6
Cartera de Mano,Basement,Carteras y Mochilas,ACCESORIOS,09/07/2017,52.15
Cartera Cruzada,Basement,Carteras y Mochilas,ACCESORIOS,09/26/2017,51.6
Cartera de Hombro,Elle,Carteras y Mochilas,ACCESORIOS,01/20/2018,51.6
Reloj Hombre de Resina,Ferrari,Relojes Moda,Relojes,02/03/2017,1879
Reloj Cuero Hombre,Nixon,Relojes Moda,Relojes,10/07/2017,617.4
Reloj Hombre de acero,Fossil,Relojes Moda,Relojes,03/16/2017,776.3
Reloj Hombre,Ferrari,Relojes Moda,Relojes,06/25/2018,2019
Reloj Hombre Acero Plateado,Fossil,Relojes Moda,Relojes,03/26/2018,846.3
Reloj Hombre de acero,Bulova,Relojes Lujo,Relojes,02/12/2017,3089.4
Reloj Hombre Cuero Negro,Carevelle,Relojes Lujo,Relojes,06/10/2017,2239.3
Reloj Hombre de acero,Bulova,Relojes Lujo,Relojes,10/20/2017,3341.4
Reloj Hombre Cuero Negro,Mido,Relojes Lujo,Relojes,06/06/2018,3429
Reloj Hombre de acero,Bulova,Relojes Lujo,Relojes,02/08/2017,2957.4
Reloj Hombre,Ferrari,Reloj Deportivo,Relojes,04/16/2017,749.25
Reloj Hombre,Ferrari,Reloj Deportivo,Relojes,12/30/2017,1879
Reloj Hombre,Ferrari,Reloj Deportivo,Relojes,06/20/2018,1879
Reloj Hombre,Ferrari,Reloj Deportivo,Relojes,07/30/2017,1369
Reloj Hombre de Resina,Bulova,Reloj Deportivo,Relojes,03/03/2018,1799.4
Lentes de Sol RB4221 50,Ray Ban,Lentes de Moda,Lentes,01/07/2017,422.1
Lentes Chuncky,Sybilla,Lentes de Moda,Lentes,04/30/2018,10.47
Lentes Frame,Sybilla,Lentes de Moda,Lentes,02/21/2017,12.9
Lentes Chuncky,Sybilla,Lentes de Moda,Lentes,06/18/2017,10.47
Lentes de Sol RB4246 51,Ray Ban,Lentes de Moda,Lentes,03/18/2018,647.1
Lentes Unisex Rose Gold,Hawkers,Lentes de Moda,Lentes,05/11/2018,111.75
Lentes Ambar Metal,Mam Originals,Lentes de Sol,Lentes,12/15/2017,251.1
Lentes Magma Black,Mam Originals,Lentes de Sol,Lentes,03/01/2017,209.25
Lentes de Sol PR 23SS 52,Prada,Lentes de Sol,Lentes,03/09/2018,1115.1
Lentes de sol DG4286 51,Dolce && Gabbana,Lentes de Sol,Lentes,05/03/2018,881.9
Lentes de Sol MK1024 58,Michael Kors,Lentes de Sol,Lentes,01/22/2018,431.2
Lentes de Sol VO4010S 57,Voghe,Lentes de Sol,Lentes,07/17/2017,269.1
Gafas Ld1601004,Basement,Lentes de Sol,Lentes,02/15/2018,34.9
Lentes Diamond,Hawkers,Lentes Cuadrados,Lentes,07/31/2017,104.3
Lentes Unisex Black Dark,Hawkers,Lentes Cuadrados,Lentes,02/01/2017,83.3
Lentes,Converse,Lentes Cuadrados,Lentes,01/09/2017,79
Anillo,Michael Kors,Anillos,Joyas,01/22/2017,179.4
Anillo de Ceramica Negro,Deluxe,Anillos,Joyas,06/15/2018,185
Anillo Piedra de Cristal Acacia C,Mango,Anillos,Joyas,12/18/2017,79
Anillo,Michael Kors,Anillos,Joyas,03/23/2017,300.3
Aretes,Michael Kors,Aretes,Joyas,09/17/2017,149.4
Aretes,Mango,Aretes,Joyas,03/29/2018,149.4
Pendiente Pascal,Mango,Aretes,Joyas,06/19/2017,24.95
Pendiente Robel,Mango,Aretes,Joyas,01/28/2017,24.95
Aretes Piedra Raspada Gris,Sophie Crown,Aretes,Joyas,05/31/2017,59
Aretes,Sophie Crown,Aretes,Joyas,11/18/2017,59
Aretes Largo Raspado,Sophie Crown,Aretes,Joyas,08/31/2017,69
Aretes Mujer,Fossil,Aretes,Joyas,06/09/2017,141.4
Pendiente Kenia,Mango,Aretes,Joyas,11/15/2017,24.95
Pendiente Galileo,Mango,Aretes,Joyas,08/08/2017,24.95
Pinza Pico Grande 3 Dientes,Roth One,Accesorios,Accesorios Mujer,07/01/2017,10
Otros Complementos,Sybilla,Accesorios,Accesorios Mujer,01/11/2018,19.95
Carey Frances Hebilla Grande,Roth One,Accesorios de Cabello,Accesorios Mujer,06/25/2017,22.5
Carey Frances Hebilla Grande,Roth One,Accesorios de Cabello,Accesorios Mujer,01/29/2017,19.4
Carey Frances Hebilla Grande,Roth One,Accesorios de Cabello,Accesorios Mujer,02/21/2018,14.4
Pinza Pico Grande 3 Dientes,Roth One,Accesorios de Cabello,Accesorios Mujer,03/10/2018,11
Pinza Pico 2 Dientes,Roth One,Accesorios de Cabello,Accesorios Mujer,08/19/2017,13.1
Carey Frances Vincha,Roth One,Accesorios de Cabello,Accesorios Mujer,06/27/2017,31
Pinza g de punta cuadrada,Roth One,Accesorios de Cabello,Accesorios Mujer,01/25/2018,10
Sapita 2,Roth One,Accesorios de Cabello,Accesorios Mujer,03/15/2018,12
Neceser Beigners Make-up Artist Case,Nyx,Accesorios de Cabello,Accesorios Mujer,10/12/2017,300
Cardigan,Basement,Cardigan,Accesorios Mujer,07/01/2017,49.5
Cardigan,Basement,Cardigan,Accesorios Mujer,08/21/2017,149.5
Pasador de cabello Sasha,Mango,Colettes,Accesorios Mujer,05/26/2018,29.5
Goma Berlin,Mango,Colettes,Accesorios Mujer,01/08/2018,19.95
Billetera de cuero,Fossil,Billeteras,Accesorios Hombre,10/24/2017,179
Billetera de cuero,Fossil,Billeteras,Accesorios Hombre,02/17/2018,199
Billetera de cuero,Fossil,Billeteras,Accesorios Hombre,03/21/2018,109
Billetera Roy Verde Militar,Hervald,Billeteras,Accesorios Hombre,04/02/2018,109
Billetera Roy Negro,Hervald,Billeteras,Accesorios Hombre,03/12/2018,109
Blister x4 Boligrafos,Faber Castell,Boligrafo,Accesorios Hombre,12/02/2017,4.9
Boligrafo Grip 2011 M Blanco,Faber Castell,Boligrafo,Accesorios Hombre,04/06/2018,39
Boligrafo Ambition Rombo Negro,Faber Castell,Boligrafo,Accesorios Hombre,05/23/2018,219
Boligrafo Ambition Negro,Faber Castell,Boligrafo,Accesorios Hombre,6/3/2017,189
Boligrafo Grip 2011 XB Plata,Faber Castell,Boligrafo,Accesorios Hombre,09/22/2017,39
LG SIGNATURE OLED 65 LG AI TV,LG,TV LED,TV TELEVISORES,10/22/2017,1599
"LED UHD 4K 49"" 49UJ6510 Smart WebOS 3.5",LG,4K Ultra HD,TV TELEVISORES,05/26/2017,1499
"LED Smart 4k UHD UN55MU6103GXPE 55"" Negro",Samsung,4K Ultra HD,TV TELEVISORES,04/15/2018,1999
"LED 49"" Smart TV UHD 4K Curvo UN49MU6303GXPE Negro",Samsung,TV CURVO,TV TELEVISORES,08/03/2017,1699
"LED 49"" Ultra HD 4K Smart TV",Samsung,4K Ultra HD,TV TELEVISORES,08/24/2017,2299
"LED 49"" Ultra HD Smart TV Curvo",Samsung,TV LED,TV TELEVISORES,03/24/2018,2499
"LED LE43S5970 Smart TV 43""",AOC,TV LED,TV TELEVISORES,05/20/2018,999
"LED 55"" UHD 55UJ6580 4K Smart WebOS 3.5",LG,TV LED,TV TELEVISORES,01/31/2018,2199
"OLED 55"" Ultra HD 4K Smart TV",LG,OLED,TV TELEVISORES,5/6/2018,4499
"OLED 65"" Utra HD 4K Smart TV",LG,OLED,TV TELEVISORES,05/31/2017,7499
UHD 86 LG AI TV,LG,TV LED,TV TELEVISORES,3/4/2017,14999
"Televisor LED 4K Ultra HD 55"" Negro",Panasonic,TV LED,TV TELEVISORES,10/18/2017,1999
"QLED 55"" Curvo Smart TV 4K UHD HDMI USB",Samsung,TV CURVO,TV TELEVISORES,11/03/2017,6999
"LED 55"" Ultra HD 4K Smart TV Curvo",Samsung,TV CURVO,TV TELEVISORES,11/9/2017,3999
"QLED 65"" Smart TV QN65Q8CAMGXPE One Remote",Samsung,TV CURVO,TV TELEVISORES,06/15/2018,8999
TV 55P UHD Smart Curvo UN55MU6305GXPE Negro,Samsung,TV CURVO,TV TELEVISORES,09/28/2017,2199
"LED 65"" Ultra HD Smart TV Curvo",Samsung,TV CURVO,TV TELEVISORES,03/01/2017,5299
Sony Reproductor Blu-ray BDP-S1500 Negro,Sony,Blu Ray y DVD,TV TELEVISORES,06/06/2018,229
Sony Reproductor Bluray BDP-S3500/BME32 Wifi,Sony,Blu Ray y DVD,TV TELEVISORES,5/5/2017,229
Sony Reproductor DVD DVP-SR370/BCE32 MP3 JPG USB Negro,Sony,Blu Ray y DVD,TV TELEVISORES,03/17/2018,299
Samsung Bluray USB HDMI BD-J4500 Negro,Samsung,Blu Ray y DVD,TV TELEVISORES,02/14/2018,229
LG Reproductor Blu-ray BP250 Full HD Upscaling,LG,Blu Ray y DVD,TV TELEVISORES,05/24/2018,219
LG Reproductor Bluray BP255 Smart,LG,Blu Ray y DVD,TV TELEVISORES,06/13/2017,249
Reproductor DVD con USB Negro,IMACO,Blu Ray y DVD,TV TELEVISORES,09/22/2017,99
Sony Bluray 3D Wifi BDP-S6700 Negro,Sony,Blu Ray y DVD,TV TELEVISORES,01/19/2018,479
DVD Portátil de 9'' DVD910P Negro,IMACO,Blu Ray y DVD,TV TELEVISORES,02/28/2018,299
Proyector Parlante Bluetooth Capsule,Nebula,Proyectores,TV TELEVISORES,02/06/2018,1399
Proyector Multimedia VPL-DX220,Sony,Proyectores,TV TELEVISORES,03/05/2018,1899
Proyector Multimedia VPL-EX235,Sony,Proyectores,TV TELEVISORES,11/17/2017,1999
Proyector Multimedia PW1000GAWF,LG,Proyectores,TV TELEVISORES,02/24/2017,2299
Proyector Multimedia VPL-DX142,Sony,Proyectores,TV TELEVISORES,11/26/2017,2299
Soundbar 320W Bluetooth Wireless,LG,Home theater,TV TELEVISORES,4/10/2018,599
Home Theather BluRay 3D BDV-E2100 1000W,Sony,Home theater,TV TELEVISORES,11/24/2017,849
Soundbar M360 4 Parlantes Subwoofer Bluetooth,Samsung,Home theater,TV TELEVISORES,08/16/2017,599
Home Theater Bluray 3D BDV-E4100 1000 W,Sony,Home theater,TV TELEVISORES,04/12/2017,1299
Home Teather HT-RT3 600 W 5.1 Canales,Sony,Home theater,TV TELEVISORES,02/01/2017,799
Google Chromecast Ii 2015 HDMI,Google,Streaming,TV TELEVISORES,07/15/2017,269
Reproductor Roku Streaming Stick Plus,Roku,Streaming,TV TELEVISORES,04/10/2017,399
Reproductor de Streaming Roku Express Plus,Roku,Streaming,TV TELEVISORES,11/04/2017,249
Apple TV 4K 32 GB Negro,Apple,Streaming,TV TELEVISORES,01/26/2017,899
TV Box Android PC 4K Quad Core 1 GB 8 GB,Leotec,Streaming,TV TELEVISORES,04/05/2018,215
"Notebook 14"" Intel Core i3 4GB 1TB Negro",DELL,Laptops,COMPUTADORAS,05/07/2017,1199
Notebook Ci5 6 GB 1 TB + 2 GB Video Nvidia,ASUS,Laptops,COMPUTADORAS,5/1/2018,2099
Laptop Aspire 5 Intel Core I3,Acer,Laptops,COMPUTADORAS,11/11/2017,1299
Notebook HP Pavilion 360° Ci5 4 GB 1TB+ 16 GB Optane Memory,HP,Laptops,COMPUTADORAS,08/26/2017,2499
Notebook Ideapad 520 Intel Core i3 Silver,Lenovo,Laptops,COMPUTADORAS,03/08/2017,1599
"Notebook 14"" 2 en 1 Ci7 8GB 1TB FHD Silver",HP,Laptops 2 en 1,COMPUTADORAS,02/24/2017,2999
"Notebook 14"" Yoga 520 Ci5 4GB 256GB HD Touch Dorado",Lenovo,Laptops 2 en 2,COMPUTADORAS,01/05/2017,2499
"HP Notebook 14"" Intel Core i3 HD 4 GB 500 GB Silver 360°",HP,Laptops 2 en 3,COMPUTADORAS,04/27/2017,1999
"iPad Retina 5ta Generación 9.7"" Wi-fi 32 GB Dorado",Apple,Tablets,COMPUTADORAS,10/25/2017,1099
"iPad Retina 5ta Generación 9.7"" Wi-fi 32 GB Silver",Apple,Tablets,COMPUTADORAS,04/10/2018,1099
Tablet 16 GB ZA1U0027PE Negro,Lenovo,Tablets,COMPUTADORAS,11/12/2017,449
iPad WI-Fi MR7F2CL/A 32 GB Gris,Apple,Tablets,COMPUTADORAS,07/26/2017,1399
Galaxy Tab Kids 7'' Blanco,Samsung,Tablets,COMPUTADORAS,01/13/2017,399
"All in Ones AMD A6-7310 23,8"" Blanco",HP,All in one,COMPUTADORAS,06/30/2017,1799
"All in One 21,5"" Intel Celeron 4GB 500GB Full HD",LG,All in one,COMPUTADORAS,07/29/2017,1399
"iMac 21,5"" Dual Core i5 8GB 1 TB Silver",Apple,All in one,COMPUTADORAS,12/07/2017,4599
"All in One 23,8"" Intel Core i3 4GB 1TB Negro",HP,All in one,COMPUTADORAS,03/08/2017,1999
"All in Ones 21,5"" Intel Core i3 Negro",Lenovo,All in one,COMPUTADORAS,05/15/2017,1799
"HP Notebook 15,6"" Full HD Intel Core i7 12 GB 1 TB",HP,Gamers,COMPUTADORAS,08/24/2017,4699
"Notebook 17,3"" Predator Intel Core i7 12GB 1TB 256GB SSD Negro",Acer,Gamers,COMPUTADORAS,05/26/2018,5799
"Notebook 15,6"" Triton Intel Core i7 16GB 512GB SSD",Acer,Gamers,COMPUTADORAS,06/06/2018,8599
Notebook Gamer GL553VD-DM086T 1 TB Negro,Asus,Gamers,COMPUTADORAS,02/06/2017,3799
"Notebook 15,6"" Intel Core i7 16GB 1TB 256GB Negro",Acer,Gamers,COMPUTADORAS,06/25/2018,5899
Refrigerador 317 Lt RGP-32GV Silver,Daewoo,Refrigeración,LINEA BLANCA,06/13/2017,999
Refrigerador 264 litros RT25 Silver,Samsung,Refrigeración,LINEA BLANCA,03/18/2017,1299
Samsung Refrigeradora 452 lt RT46K6631BS/PE Negro Inox,Samsung,Refrigeración,LINEA BLANCA,03/29/2018,2499
Mabe Refrigeradora RMP400YJPSS 400 Lt Extreme inox,Mabe,Refrigeración,LINEA BLANCA,05/30/2018,1299
Refrigerador Side by Side LS63SPGK 591 Lt,LG,Refrigeración,LINEA BLANCA,03/10/2017,2799
 Centro de Lavado F1107VRDSD 11/7 kg Silver,LG,Lavado,LINEA BLANCA,02/18/2018,2299
Lavaseca Samsung 20/12 kg WD20J9810KV/PE Negro,Samsung,Lavado,LINEA BLANCA,03/14/2017,4049
Lavadora 13 kg NA-FS13X6SRH Inox,Panasonic,Lavado,LINEA BLANCA,04/29/2018,1099
Lavadora 22 kg EcoSmart Blanco,Electrolux,Lavado,LINEA BLANCA,04/21/2017,1299
 Samsung Lavadora WA17F7L2UDY/PE 17 kg Gris,Samsung,Lavado,LINEA BLANCA,01/12/2018,1399
" Cocina a Gas Florencia Quarzo 24"" 4 quemadores",Indurama,Cocina,LINEA BLANCA,03/09/2017,1249
Bosch Cocina 5 Quemadores PRO547 Inox,Bosch,Cocina,LINEA BLANCA,01/14/2017,1999
Indurama Cocina Granada 4 Hornillas,Indurama,Cocina,LINEA BLANCA,04/23/2017,849
Klimatic Cocina a Gas Stellare 4 Hornillas Inox,Klimatic,Cocina,LINEA BLANCA,5/6/2017,699
"Cocina Piso 4 Hornillas INGENIOUS6050PX 24"" Inox",Mabe,Cocina,LINEA BLANCA,02/20/2018,849
" Licuadora Beehive 4128 1,25 Lt 600 W Cobre",Oster,Licuadora,ELECTRODOMÉSTICOS,04/21/2017,219
" Licuadora MMB43G2B 2,3 Lt 700 W Negro",Bosch,Licuadora,ELECTRODOMÉSTICOS,09/28/2017,359
 Mini Pimer WHB-1000SS,Wurden,Licuadora,ELECTRODOMÉSTICOS,10/11/2017,179
Licuadora Manual 800 ml Blanco,IMACO,Licuadora,ELECTRODOMÉSTICOS,05/12/2017,99.90
Licuadora Titan 2 Lt 1000 W Rojo,Taurus,Licuadora,ELECTRODOMÉSTICOS,05/20/2018,499
Licuadora Viva Collection HR2139 2lt,Philips,Licuadora,ELECTRODOMÉSTICOS,01/06/2018,199
Arrocera Multifunción con Revestimiento Bioceramic Gris,Oster,Ollas arroceras,ELECTRODOMÉSTICOS,03/14/2017,239
Olla de Cocción Lenta SLC050 Silver,IMACO,Ollas arroceras,ELECTRODOMÉSTICOS,02/25/2017,169
Olla de Vapor Imaco SC380 Digital,IMACO,Ollas arroceras,ELECTRODOMÉSTICOS,07/29/2017,169
"Olla Arrocera 2,2 lt Gris",Practika,Ollas arroceras,ELECTRODOMÉSTICOS,03/04/2018,149.90
 Arrocera Multiusos con función de aderezo Negro,Oster,Ollas arroceras,ELECTRODOMÉSTICOS,03/02/2018,199
"Olla Arrocera HD3017 1,8 lt",Philips,Ollas arroceras,ELECTRODOMÉSTICOS,06/25/2018,139
"Smartphone 5,8"" Galaxy S9 4GB 64GB Negro",Samsung,Smartphone,TELEFONOS,03/20/2017,2999
Smartphone Mate 9 4G LTE 4GB 64GB,Huawei,Smartphone,TELEFONOS,03/30/2018,2499
"Smartphone 5.5"" Moto E Plus 16GB 2GB XT1773",Motorola,Smartphone,TELEFONOS,05/22/2017,699
"Smartphone A7 5,5"" 3GB 32GB 16MP 8MP",Alcatel,Smartphone,TELEFONOS,09/05/2017,649
 Coolpix B500 Long Zoom 40x Full HD Negro,Nikon,Reflex,CAMARA DE FOTOS,06/06/2018,849
 Cámara Digital Reflex EOS T6,Cannon,Reflex,CAMARA DE FOTOS,03/29/2017,1699
 EOS Combo 44: Cámara + Lente + SD 16GB + Maletín,Cannon,Reflex,CAMARA DE FOTOS,09/07/2017,1799
"Cámara LCE-5100 24,3 MP",Sony,Reflex,CAMARA DE FOTOS,11/07/2017,1999
colchon Ergo T 1.5 Plz + Base Divan,Rosen,Divanes,Muebles de dormitorio,08/07/2017,1079.10
Colchon Ergo T 2 Plz + Base Divan,Rosen,Divanes,Muebles de dormitorio,03/25/2018,1169.10
Cama Diván Standard 2 plz + 2 Almohadas y Protector,Rosen,Divanes,Muebles de dormitorio,06/13/2017,1133.10
"Cama Diván Standard 1,5 plz + Almohada y Protector",Rosen,Divanes,Muebles de dormitorio,04/26/2017,1061.10
Base de Cama Ergo T 1 Plazas,Rosen,Divanes,Muebles de dormitorio,05/21/2018,999
Cama Divan Laqueada Oozono Queen,Drimer,Divanes,Muebles de dormitorio,04/30/2017,1099
Cama Diván Laqueada Gravity 2 Plazas,Drimer,Divanes,Muebles de dormitorio,01/16/2018,2712.69
Base Boxet Ergo T 1.5plz,Rosen,Boxets,Muebles de dormitorio,05/20/2017,1259.10
Base Box Diván Laqueada 2 plz,Technodream,Boxets,Muebles de dormitorio,03/28/2017,1079.10
"El Cisne Box Tarima Pro Space 1,5 plz",el cisne,Boxets,Muebles de dormitorio,06/23/2018,989.10
Base de Cama Art King,Rosen,Boxets,Muebles de dormitorio,08/21/2017,1899
Base de Cama Art Queen,Rosen,Boxets,Muebles de dormitorio,02/28/2017,1052.19
"Base Box Diván Laqueada 1,5 plz",Technodream,Boxets,Muebles de dormitorio,11/30/2017,1295.19
Base Box Tarima Queen,Drimer,Boxets,Muebles de dormitorio,02/23/2017,1133.19
Camarote Liverpool 1 Plazas,Rosen,Camarotes,Muebles de dormitorio,07/01/2017,1699
Camarote Liverpool 1 Plazas,Rosen,Camarotes,Muebles de dormitorio,06/17/2018,1699
"Camarote Peral 1,5 Plazas Madera",Rosen,Camarotes,Muebles de dormitorio,05/14/2018,1799
Camarote Ergo T 1 Plazas,Rosen,Camarotes,Muebles de dormitorio,02/14/2018,2049
Camarote Ergo T 1 Plazas,Rosen,Camarotes,Muebles de dormitorio,09/18/2017,2040
"Camarote Mallorca 2 plz + 1,5 plz + 1 plz",Drimer,Camarotes,Muebles de dormitorio,05/24/2017,2199
Base Boxet Queen,Rosen,Bases,Muebles de dormitorio,10/05/2017,1259.10
Boxet Ergo T 2 Plazas,Rosen,Bases,Muebles de dormitorio,8/8/2017,1079.10
Base Boxet Ergo T 1.5plz,Rosen,Bases,Muebles de dormitorio,09/18/2017,989.10
Box Tarima Divan Estandar 2 plz,Paraiso,Bases,Muebles de dormitorio,05/13/2018,990
Box Tarima Divan Estandar 1.5 plz,Paraiso,Bases,Muebles de dormitorio,11/21/2017,837
Base Practibox 2 plz,Drimer,Bases,Muebles de dormitorio,11/16/2017,1199
Base Box Diván Laqueada 2 plz,Technodream,Bases,Muebles de dormitorio,02/16/2017,1899
Cama Europea Ergo T 2 Plazas,Rosen,Sets de muebles de dormitorio,Muebles de dormitorio,12/14/2017,1900
Set de Dormitorio Sapnis 2 Plazas,Cisne,Sets de muebles de dormitorio,Muebles de dormitorio,02/24/2017,1901
Set de Muebles Veneto Caramelo,Rosen,Sets de muebles de dormitorio,Muebles de dormitorio,02/09/2017,1499
Set Dormitorio Ren 2 Plazas + Edredón,Cisne,Sets de muebles de dormitorio,Muebles de dormitorio,07/18/2017,2499
Cama Europea Ergo T 2 Plazas,Rosen,Sets de muebles de dormitorio,Muebles de dormitorio,09/26/2017,2749
Set de Madera Domenico 2 plz + Respaldo Domenico y 2 veladores,Rosen,Sets de muebles de dormitorio,Muebles de dormitorio,12/09/2017,1453
Set de Dormitorio Colchón Ergo T + Cabecera Veneto + 1 respaldar + 1 velador + 2 almohadas,Rosen,Sets de muebles de dormitorio,Muebles de dormitorio,08/07/2017,1949
Respaldo Issey King,Rosen,veladores y cabeceras,Muebles de dormitorio,01/04/2018,1061.65
Set de Muebles Opera Chocolate viejo,Rosen,veladores y cabeceras,Muebles de dormitorio,05/10/2017,3499
Respaldos Castelo 60cm,Rosen,veladores y cabeceras,Muebles de dormitorio,06/14/2017,509.15
Respaldo Issey Queen,Rosen,veladores y cabeceras,Muebles de dormitorio,11/19/2017,1019.15
Set de Muebles Opera Chocolate viejo,Rosen,veladores y cabeceras,Muebles de dormitorio,05/10/2018,3299
Respaldos Ferrara 60cm,Rosen,veladores y cabeceras,Muebles de dormitorio,09/13/2017,551.65
Set Dormitorio Kit Veneto Queen + Respaldo Veneto y 2 veladores,Rosen,veladores y cabeceras,Muebles de dormitorio,11/03/2017,1599
Armario Barnes,Crate y Barrel,roperos,Muebles de dormitorio,08/27/2017,2999
Cómoda de 5 Cajones Oliver,Crate y Barrel,roperos,Muebles de dormitorio,07/09/2017,2799
Cómoda de 6 Cajones Dawson Gris,Crate y Barrel,roperos,Muebles de dormitorio,03/02/2017,5499
Cómoda de 5 Cajones Colette,Crate y Barrel,roperos,Muebles de dormitorio,04/20/2017,4499
Ropero Asis Natural,Mica,roperos,Muebles de dormitorio,12/12/2017,399
Ropero 3 Puertas 2 Cajones Caxias,Mica,roperos,Muebles de dormitorio,04/05/2018,199
Ropero con Espejo 7 Puertas 2 Cajones Teca,Mica,roperos,Muebles de dormitorio,10/29/2017,449
Zapatera Leganés 2 Cajones,Ambienta,comodas y zapateras,Muebles de dormitorio,05/16/2017,199
Cómoda 4126 Roble Platinum,Multi Movies,comodas y zapateras,Muebles de dormitorio,10/08/2017,199.60
Cómoda Ancona 5 Niveles Rojo,Basa,comodas y zapateras,Muebles de dormitorio,01/30/2017,259
Cómoda Ancona 5 Niveles Azul,Basa,comodas y zapateras,Muebles de dormitorio,02/27/2017,259
Cómoda Ancona 5 Niveles Rosado,Basa,comodas y zapateras,Muebles de dormitorio,12/12/2017,259
Cómoda 99.0001 Blanca,Multi Movies,comodas y zapateras,Muebles de dormitorio,08/10/2017,289
Zapatera 3 Niveles Nogal,Pisopak,comodas y zapateras,Muebles de dormitorio,02/01/2017,289
Juego de Sábanas George Gris,Roberta Allen,Sabanas,Ropa de Cama,01/11/2017,49.50
Sábanas Bordada,basement home,Sabanas,Ropa de Cama,08/12/2017,159
Juego de Sábanas Ramos,basement home,Sabanas,Ropa de Cama,04/13/2017,69
Sabana New York,mica,Sabanas,Ropa de Cama,12/3/2017,64.90
Juego de Sábanas Cuff,benetton,Sabanas,Ropa de Cama,03/25/2018,99.50
Juego de Sábanas Cristiana Frio,ambienta,Sabanas,Ropa de Cama,02/07/2017,29.90
Juego de Sábanas Solid Blue,Roberta Allen,Sabanas,Ropa de Cama,07/21/2017,49.50
Sabana Cuff Isidora,mica,Sabanas,Ropa de Cama,01/03/2017,64.90
Sabana Bordada Cuff Stitc,basement home,Sabanas,Ropa de Cama,09/27/2017,249
Sabana Rombos Frio,mica,Sabanas,Ropa de Cama,01/13/2018,64.90
Sábanas Estampadas Impala,cannon,Sabanas,Ropa de Cama,06/28/2017,109
Juego de Sábanas Diacono Neutro,ambienta,Sabanas,Ropa de Cama,05/22/2018,29.90
Sabana Bordada Cuff Stitc,basement home,Sabanas,Ropa de Cama,08/20/2017,249
Sábana Aqua,ambienta,Sabanas,Ropa de Cama,10/16/2017,29.90
Juego de Sábanas Embossed Laberinto,ambienta,Sabanas,Ropa de Cama,03/27/2018,34.50
Sabana Saco Kozma Frio,ambienta,Sabanas,Ropa de Cama,09/16/2017,39.50
Edredón Estocolmo,mica,Edredones y Plumas,Ropa de Cama,01/16/2018,49.90
Edredón Estoc Azul,mica,Edredones y Plumas,Ropa de Cama,09/09/2017,64.50
Edredón Estocolmo Bicolor,mica,Edredones y Plumas,Ropa de Cama,11/17/2017,49.90
Edredón Estampado Velvet,cannon,Edredones y Plumas,Ropa de Cama,06/12/2017,219
Edredón Happening,mica,Edredones y Plumas,Ropa de Cama,02/05/2018,99
Edredón Estocolmo Flores,mica,Edredones y Plumas,Ropa de Cama,02/25/2018,49.90
Edredón Estoc Verde,mica,Edredones y Plumas,Ropa de Cama,05/11/2017,64.50
Edredón New York,mica,Edredones y Plumas,Ropa de Cama,07/23/2017,79
Edredón Aurora PC,Roberta Allen,Edredones y Plumas,Ropa de Cama,12/18/2017,199
Edredón Mariposa,mica,Edredones y Plumas,Ropa de Cama,07/09/2017,99
Edredón Alex,benetton,Edredones y Plumas,Ropa de Cama,02/01/2018,299
Edredón Aldo,basement home,Edredones y Plumas,Ropa de Cama,01/02/2017,234.50
Edredón Stripes GR,mica,Edredones y Plumas,Ropa de Cama,5/2/2018,119
Edredón Estoc Beige,mica,Edredones y Plumas,Ropa de Cama,03/19/2017,49.50
Edredón Cotele Azul,mica,Edredones y Plumas,Ropa de Cama,01/09/2017,129
Edredón Jac Beige,mica,Edredones y Plumas,Ropa de Cama,08/29/2017,154
Cubrecama Lineal,mica,Cubrecamas y Quilts,Ropa de Cama,04/29/2018,109.50
Cubrecama Rosa,mica,Cubrecamas y Quilts,Ropa de Cama,03/27/2018,59
Cubrecama Liso Square,mica,Cubrecamas y Quilts,Ropa de Cama,11/22/2017,149.50
Cubrecama Liso,mica,Cubrecamas y Quilts,Ropa de Cama,03/27/2018,79.50
Cubrecama Luis,mica,Cubrecamas y Quilts,Ropa de Cama,08/26/2017,59
Quilt Patch Sherpa Beige,Roberta Allen,Cubrecamas y Quilts,Ropa de Cama,02/24/2017,79
Cubrecama Omega Neutro,ambienta,Cubrecamas y Quilts,Ropa de Cama,03/06/2017,39.50
Quilt Patch Sherpa Azul,Roberta Allen,Cubrecamas y Quilts,Ropa de Cama,06/08/2018,79
Quilt Patch Rosado,Roberta Allen,Cubrecamas y Quilts,Ropa de Cama,12/08/2017,99.50
Cubrecama Omega Frio,ambienta,Cubrecamas y Quilts,Ropa de Cama,11/10/2017,39.50
Cubrecama Hor Gris,ambienta,Cubrecamas y Quilts,Ropa de Cama,04/24/2017,39.90
Quilt Patch Morado,roberta Allen,Cubrecamas y Quilts,Ropa de Cama,01/20/2018,99.50
Quilt Patch Azul,roberta Allen,Cubrecamas y Quilts,Ropa de Cama,03/27/2017,144.50
Cubrecama HPTurquesa,mica,Cubrecamas y Quilts,Ropa de Cama,03/27/2017,59
Cubrecama Pro Nyx Cal,ambienta,Cubrecamas y Quilts,Ropa de Cama,07/09/2017,39.90
Cubrecama Pro Nyx Frios,ambienta,Cubrecamas y Quilts,Ropa de Cama,09/29/2017,39.90
Colchón Ergo T 1.5 Plz + Base Diván,rosen,Divanes,Dormitorio Infantil,09/30/2017,1079.10
Colchón Ergo-T 2 Plz + Base Diván,rosen,Divanes,Dormitorio Infantil,08/16/2017,1089.11
Cama Diván Standard 2 plz + 2 Almohadas y Protector,paraíso,Divanes,Dormitorio Infantil,04/06/2018,1099.12
"Cama Diván Standard 1,5 plz + Almohada y Protector",paraíso,Divanes,Dormitorio Infantil,03/09/2018,1079.13
Base de Cama Ergo T 1 Plazas,rosen,Divanes,Dormitorio Infantil,04/25/2018,999
Base de Cama Ergo T 2 Plazas,rosen,Divanes,Dormitorio Infantil,08/17/2017,1099
Cama Divan Laqueada Oozono Queen,drimer,Divanes,Dormitorio Infantil,07/30/2017,2712
Cama Diván Laqueda Pure Fresh Queen,drimer,Divanes,Dormitorio Infantil,06/25/2018,2793
"Base Nido 1,5 plz",technodream,Divanes,Dormitorio Infantil,01/16/2018,1199
Cama Diván Laqueada Gravity 2 Plazas,drimer,Divanes,Dormitorio Infantil,03/25/2018,2178
Base Nido Bilitera Gris 2 plz,drimer,Divanes,Dormitorio Infantil,10/07/2017,1299
Cama Princesas Disney Plus 1 plz,movéis estrela,Divanes,Dormitorio Infantil,02/12/2017,699
Cama Carritos 1 plz c/ Auxiliar,movéis estrela,Divanes,Dormitorio Infantil,06/10/2017,899
Cama Diván Laqueada Cool 2 plz,drimer,Divanes,Dormitorio Infantil,09/29/2017,2619
Cama Divan Laqueada Oozono 2 plz,drimer,Divanes,Dormitorio Infantil,06/16/2017,2250
Nube Red Corral Cuna,infanti,Corrales y Pack & Play,Dormitorio Infantil,02/23/2018,629
Cuna Playard Luna Rojo,infanti,Corrales y Pack & Play,Dormitorio Infantil,08/25/2017,529
Corralito Tot Bloc Bugs Quilt,graco,Corrales y Pack & Play,Dormitorio Infantil,04/07/2018,515.40
Corral Pack 'n Play Affinia,graco,Corrales y Pack & Play,Dormitorio Infantil,02/16/2017,959.20
Corralito Inflable Parque Infantil,bestway,Corrales y Pack & Play,Dormitorio Infantil,03/26/2017,129.90
Corralito Base Azalea,graco,Corrales y Pack & Play,Dormitorio Infantil,06/22/2017,755
Cuna Playard Luna Azul,infanti,Corrales y Pack & Play,Dormitorio Infantil,07/10/2017,529
Corral Cuna 2 en 1 Luna Rosado,infanti,Corrales y Pack & Play,Dormitorio Infantil,04/18/2017,529
Cuna Corral Mecedora Little Angel Azul,ebaby,Corrales y Pack & Play,Dormitorio Infantil,05/14/2017,539
Cuna Corral Mecedora Sally Azul,ebaby,Corrales y Pack & Play,Dormitorio Infantil,02/23/2018,519
Cuna Corral Mecedora Sally Celeste,ebaby,Corrales y Pack & Play,Dormitorio Infantil,02/14/2017,519
Cuna Corral Mecedora Sally Rosado,ebaby,Corrales y Pack & Play,Dormitorio Infantil,03/18/2017,519
Cuna Corral Cielo Rosado,infanti,Corrales y Pack & Play,Dormitorio Infantil,02/02/2018,269
Cuna Corral Mecedora Sally Naranja,ebaby,Corrales y Pack & Play,Dormitorio Infantil,02/04/2018,519
Cuna Corral Azul,infanti,Corrales y Pack & Play,Dormitorio Infantil,04/18/2018,199
Camarote Liverpool 1 Plazas,rosen,Camarotes,Dormitorio Infantil,09/24/2017,1699
Camarote Liverpool 1 Plazas,rosen,Camarotes,Dormitorio Infantil,05/15/2018,1699
"Camarote Peral 1,5 Plazas Madera",rosen,Camarotes,Dormitorio Infantil,1/4/2017,1799
Camarote Ergo T 1 Plazas,rosen,Camarotes,Dormitorio Infantil,03/03/2017,2049
Camarote Ergo T 1 Plazas,rosen,Camarotes,Dormitorio Infantil,6/7/2017,2049
"Camarote Mallorca 2 plz + 1,5 plz + 1 plz",drimer,Camarotes,Dormitorio Infantil,01/22/2018,279.40
Cómoda 99.0001 Blanca,multi moveis,Cómodas y Mudadores,Dormitorio Infantil,02/24/2017,279.60
Cómoda Caramelo de Menta 5 Cajones,henn,Cómodas y Mudadores,Dormitorio Infantil,02/14/2018,104.3
Combo Línea Bolita de Jabón: Cuna 3 x 1 + Cómoda + Ropero,multi moveis,Cómodas y Mudadores,Dormitorio Infantil,12/09/2017,83.3
Cómoda Panal 4 Cajones,henn,Cómodas y Mudadores,Dormitorio Infantil,07/27/2017,499
Cómoda Panal 4 Cajones,henn,Cómodas y Mudadores,Dormitorio Infantil,09/22/2017,1399
Baúl 2315 Blanco,multi moveis,Cómodas y Mudadores,Dormitorio Infantil,11/29/2017,1599
Cómoda Bombón 1 Puerta 4 Cajones,multi moveis,Cómodas y Mudadores,Dormitorio Infantil,03/13/2018,349.50
Cómoda Dulzura Premium,movéis estrela,Cómodas y Mudadores,Dormitorio Infantil,04/13/2017,24.90
Ropero Manzana de Amor 3 Puertas,henn,Cómodas y Mudadores,Dormitorio Infantil,2/1/2018,134.10
Línea Manzana de Amor 2: Cuna Mini Cama + Cómoda,henn,Cómodas y Mudadores,Dormitorio Infantil,10/19/2017,1099
Cómoda Dulzura Basic,movéis estrela,Cómodas y Mudadores,Dormitorio Infantil,03/27/2018,499
Ropero Dulzura Basic 4 Puertas,movéis estrela,Cómodas y Mudadores,Dormitorio Infantil,7/10/2017,1399
Combo Cuna Mini Cama NA + Ropero y Cómoda Panal Blanco,henn,Cómodas y Mudadores,Dormitorio Infantil,06/25/2018,1599
Ropero Helado 3 Puertas 2 Cajones,multi moveis,Cómodas y Mudadores,Dormitorio Infantil,04/12/2017,599.50
Cuna Lollipop,movéis estrela,Cómodas y Mudadores,Dormitorio Infantil,10/08/2017,349.30
Cojín Decorativo Perry,disney,Accesorios de Dormitorio,Dormitorio Infantil,12/13/2017,24.90
Mantas de Muselina 4 Estaciones X 3,babymoov,Accesorios de Dormitorio,Dormitorio Infantil,05/06/2018,134.10
Almohada de Bebé Celeste,maternelle,Accesorios de Dormitorio,Dormitorio Infantil,04/16/2018,11.20
Set x 2 Mantas de Muselina Azul,green sprouts,Accesorios de Dormitorio,Dormitorio Infantil,10/04/2017,84
Set x 2 Mantas de Muselina Aqua,green sprouts,Accesorios de Dormitorio,Dormitorio Infantil,03/12/2018,84
Set x 2 Mantas de Muselina Gris,green sprouts,Accesorios de Dormitorio,Dormitorio Infantil,01/26/2018,84
Saquito de Dormir Algodón Rosado 6-12 Meses,halo,Accesorios de Dormitorio,Dormitorio Infantil,05/03/2018,67.20
Luz Nocturna de Pared,babymoov,Accesorios de Dormitorio,Dormitorio Infantil,10/16/2017,53
Saquito de Dormir Algodón Rosado 12-18 Meses,halo,Accesorios de Dormitorio,Dormitorio Infantil,12/26/2017,67.20
Lamparita Tweesty Niño,babymoov,Accesorios de Dormitorio,Dormitorio Infantil,11/19/2017,299
Saquito de Dormir Algodón Celeste 0-6 Meses,halo,Accesorios de Dormitorio,Dormitorio Infantil,08/14/2017,67.20
Cosymorpho Cojín Reductor,babymoov,Accesorios de Dormitorio,Dormitorio Infantil,01/15/2018,179
Saquito de Dormir Algodón Crema 12-18 Meses,halo,Accesorios de Dormitorio,Dormitorio Infantil,01/05/2018,67.20
Doble Almohada de Lactancia Maíz,maternelle,Accesorios de Dormitorio,Dormitorio Infantil,02/04/2018,135
Barandilla Side Red,baby home,Accesorios de Dormitorio,Dormitorio Infantil,01/01/2017,323.10
Alfombra Topos Tricolor Azul,lorena canals,Alfombras infantiles,Dormitorio Infantil,2/3/2018,690
Alfombra Galletita Rosado,lorena canals,Alfombras infantiles,Dormitorio Infantil,08/06/2017,690
Alfombra Grey Stars Blanco,lorena canals,Alfombras infantiles,Dormitorio Infantil,6/7/2018,690
Alfombra Barquitos Azul,lorena canals,Alfombras infantiles,Dormitorio Infantil,01/24/2018,690
Colchón Royal Prince Organic King + 2 Almohada Visco Cervical y Protector Royal,paraiso,Colchón King,Colchones,04/26/2018,1484.10
Colchón Abrazzo King + 2 Almohada Visco Cervical y Protector Royal,paraiso,Colchón King,Colchones,02/13/2018,3040.10
Colchón Royal Elizabeth Advance King + 2 Almohada Visco Cervical y Protector Royal,paraiso,Colchón King,Colchones,04/20/2018,1574.10
Paraíso Colchón Su Majestad One Side King + 2 Almohadas y Protector,paraiso,Colchón King,Colchones,2/4/2017,980.10
Colchón Pocket Star King + 2 Almohadas y Protector,paraiso,Colchón King,Colchones,08/11/2017,1223.10
Colchones Art 4 King + 2 Almohadas Memory Max,rosen,Colchón King,Colchones,04/29/2018,2479.20
Colchón Super Star One Side King + 2 Almohadas y Protector,paraiso,Colchón King,Colchones,01/11/2017,1097
Colchones Art 2 King,rosen,Colchón King,Colchones,5/3/2018,1691
Colchones Ergo T King,rosen,Colchón King,Colchones,09/15/2017,1199
Colchón Super Star One Side Negro King + 2 Almohadas y Protector,paraiso,Colchón King,Colchones,01/26/2017,1097.10
Colchón Su Majestad Ergosoft Drill One Side King,paraiso,Colchón King,Colchones,03/22/2017,1061.10
Colchón Pure Fresh Queen + Twin Pack Almohadas y Protector,drimer,Colchón King,Colchones,05/23/2017,1682.10
Colchón Galena Pillow Top King + 3 Almohada y Protector amoldable,cisne,Colchón King,Colchones,06/11/2018,1115.80
Colchón Element King + 3 Almohadas y Protector,cisne,Colchón King,Colchones,01/13/2017,1223.80
El Cisne Colchón Dynamic King + 3 Almohadas y Protector,cisne,Colchón King,Colchones,8/2/2017,1439.60
Colchón Royal Dynasty Organic Queen + 2 Almohada Visco Cervical y Protector Royal,paraiso,Colchón Queen,Colchones,01/25/2018,1646.10
Colchón Art 4 Queen + 2 Almohadas Memory Max,rosen,Colchón Queen,Colchones,05/02/2017,1799.20
Colchón Royal Prince Organic Queen + 2 Almohada Visco Cervical y Protector Royal,paraiso,Colchón Queen,Colchones,05/20/2018,1151.10
Colchones New style 6 Queen,rosen,Colchón Queen,Colchones,05/21/2018,1519.20
Colchón Su Majestad One Side Queen + 2 Almohadas y Protector,paraiso,Colchón Queen,Colchones,07/08/2017,692.10
Colchón Abrazzo Queen + 2 Almohada Visco Cervical y Protector Royal,paraiso,Colchón Queen,Colchones,04/27/2018,2671.20
Colchón Royal Elizabeth Advance Queen + 2 Almohada Visco Cervical y Protector Royal,paraiso,Colchón Queen,Colchones,11/02/2017,1241.10
Colchón Pocket Star Queen + 2 Almohadas y Protector,paraiso,Colchón Queen,Colchones,04/12/2018,926.10
Colchón Su Majestad Ergosoft Drill One Side Queen + 2 Almohadas y Protector,paraiso,Colchón Queen,Colchones,04/30/2017,764.10
Colchones Art 2 Queen,rosen,Colchón Queen,Colchones,09/24/2017,2099
Colchones Beat Queen,rosen,Colchón Queen,Colchones,01/29/2018,799
Colchones Ergo T Queen,rosen,Colchón Queen,Colchones,04/26/2017,1049
Colchón Art 2 Queen + 2 Almohadas,rosen,Colchón Queen,Colchones,1/2/2017,1249
Colchón Super Star One Side Queen + 2 Almohadas y Protector,paraiso,Colchón Queen,Colchones,06/25/2017,836.50
Colchones Art 6 Queen,rosen,Colchón Queen,Colchones,02/09/2018,3799
Colchón Super Star One Side Negro Queen + 2 Almohadas y Protector,paraiso,Colchón Queen,Colchones,05/27/2017,836.10
Colchón ART 2 2 Plz + Box Tarima + 2 Almohadas Memory Max,rosen,Camas box tarima 2 plaza,Cama box  tarima,03/30/2018,1449
Cama Box Tarima Tropical Ergosoft 2 Plz + 2 Almohadas y Protector,paraiso,Camas box tarima 2 plaza,Cama box tarima,09/21/2017,773.10
Cama Ergo T 2 Plz + Set de Dormitorio Castelo,rosen,Camas box tarima 2 plaza,Cama box tarima,10/02/2017,1439.50
Colchón Royal Prince Organic 2 plz+ Box Tarima + 2 Almohadas y Protector,paraiso,Camas box tarima 2 plaza,Cama box tarima,02/18/2017,1247.50
Colchón + Box Tarima Nappy 2 plz + 2 Almohadas y Protector,paraiso,Camas box tarima 2 plaza,Cama box tarima,12/25/2017,689
Colchón Ergo T 2Plz + Box Tarima,rosen,Camas box tarima 2 plaza,Cama box tarima,3/12/2017,899.10
Cama Americana Futurepedic 2 plz + Twin Pack Almohadas y Protector,drimer,Camas box tarima 2 plaza,Cama box tarima,5/5/2017,2485.20
Colchón Beat 2 Plz + Box Tarima,rosen,Camas box tarima 2 plaza,Cama box tarima,01/13/2017,719.10
Colchón + Box Tarima Su Majestad One Side 2 plz + 2 Almohadas y Protector,paraiso,Camas box tarima 2 plaza,Cama box tarima,05/07/2018,935.10
Colchón Basic 2 plz + Box Tarima + 2 Almohadas,cisne,Camas box tarima 2 plaza,Cama box tarima,01/29/2018,799
Colchón New Style 2 2 Plz + Box Tarima,rosen,Camas box tarima 2 plaza,Cama box tarima,04/27/2017,1034.10
Cama Beat 2 Plz + Set de Dormitorio Castelo,rosen,Camas box tarima 2 plaza,Cama box tarima,02/05/2017,1689
Colchón New style 6 2 Plz + Box Tarima,rosen,Camas box tarima 2 plaza,Cama box tarima,03/08/2018,1399.20
Colchón + Box Tarima Pocket Star 2 plz + 2 Almohadas y Protector,paraiso,Camas box tarima 2 plaza,Cama box tarima,07/13/2017,1169.08
Box Tarima Art 4 2 Plazas,rosen,Camas box tarima 2 plaza,Cama box tarima,05/07/2018,2159
Colchón + Box Tarima Ozono 2 plz,technodream,Camas box tarima 2 plaza,Cama box tarima,07/25/2017,1376
Colchón Ergo T 1.5 Plz + Box Tarima,rosen,Camas Box Tarima 1.5 Plazas,Cama box tarima,11/03/2017,764.10
Colchón Ergo T 1.5 Plz + Boxet Ergo T,rosen,Camas Box Tarima 1.5 Plazas,Cama box tarima,04/03/2018,1999
Colchón Beat 1.5 Plz + Box Tarima,rosen,Camas Box Tarima 1.5 Plazas,Cama box tarima,04/11/2017,611.10
"Colchón + Box Tarima Básico 1,5 plz + Almohada",cisne,Camas Box Tarima 1.5 Plazas,Cama box tarima,10/17/2017,699
"Colchón + Box Tarima Su Majestad One Side 1,5 plz + Almohada y Protector",paraiso,Camas Box Tarima 1.5 Plazas,Cama box tarima,11/22/2017,845.10
"Box Tarima Royal Prince Organic + Colchón 1.5 plz + Almohada Visco Cervical, Protector Royal",paraiso,Camas Box Tarima 1.5 Plazas,Cama box tarima,09/21/2017,1222.10
Box Tarima New Style 2 1.5 Plazas,rosen,Camas Box Tarima 1.5 Plazas,Cama box tarima,02/26/2017,854.10
"Colchón + Box Tarima Super Star One Side 1,5 plz + Almohada y Protector",paraiso,Camas Box Tarima 1.5 Plazas,Cama box tarima,12/29/2017,935.10
"Colchón + Box Tarima Element 1,5 plz + Almohada y Protector",cisne,Camas Box Tarima 1.5 Plazas,Cama box tarima,05/01/2017,1031.98
"Colchón + Box Tarima Su Majestad Ergosoft Drill One Side 1,5 plz + Almohada y Protector",paraiso,Camas Box Tarima 1.5 Plazas,Cama box tarima,06/18/2017,881.10
"Colchón + Box Tarima Abrazzo 1,5 Plaza + Almohada Visco Cervical, Protector Royal",paraiso,Camas Box Tarima 1.5 Plazas,Cama box tarima,11/22/2017,2672.10
Box Tarima Divan Estandar 1.5 plz,paraiso,Camas Box Tarima 1.5 Plazas,Cama box tarima,09/21/2017,837
Tarima Slim 1.5 plz,paraiso,Camas Box Tarima 1.5 Plazas,Cama box tarima,02/26/2017,503.10
Box Tarima Art 4 1.5 Plazas,rosen,Camas Box Tarima 1.5 Plazas,Cama box tarima,12/29/2017,2099
"Colchón + Box Tarima Royal Elizabeth Advance 1.5 plz + Almohada Visco Cervical, Protector Royal",paraiso,Camas Box Tarima 1.5 Plazas,Cama box tarima,05/01/2017,1385.10
Box Tarima New style 6 1.5 Plazas,rosen,Camas Box Tarima 1.5 Plazas,Cama box tarima,06/18/2017,1499
Futón Dorian Gris,Mica,Futones y Sofá Cama,Sofás y Sillones,04/09/2017,349
Sofá Cama Queen de 2 Puesto Axis II,Crate & Barrel,Futones y Sofá Cama,Sofás y Sillones,06/30/2017,9999
Sofá Cama Queen Karnes,Crate & Barrel,Futones y Sofá Cama,Sofás y Sillones,01/20/2018,9999
Sofá Cama Davis Queen,Crate & Barrel,Futones y Sofá Cama,Sofás y Sillones,07/22/2017,12999
Sofá Cama Queen de 2 Cuerpos con Funda Axis II,Crate & Barrel,Futones y Sofá Cama,Sofás y Sillones,09/04/2017,7699
Sofá Cama Queen Willow,Crate & Barrel,Futones y Sofá Cama,Sofás y Sillones,11/22/2017,8499
Seccional Covington Derecha,Basement Home,Seccionales,Sofás y Sillones,09/21/2017,2199
Seccional Aviano Gris Claro Izquierda,Basement Home,Seccionales,Sofás y Sillones,02/26/2017,1599
Sillón sin Brazos Axis II,Crate & Barrel,Seccionales,Sofás y Sillones,12/29/2017,3999
Sofá 2 Cuerpos sin Brazos Axis II Beige,Crate & Barrel,Seccionales,Sofás y Sillones,05/01/2017,5999
Sofá Reclinable Phukete 3 cuerpos,Mica,Sillones Reclinables,Sofás y Sillones,06/18/2017,1299
Reclinable Mariano Gris,Mica,Sillones Reclinables,Sofás y Sillones,04/09/2017,749
Reclinable Lucas 3 cuerpos,Roberta Allen,Sillones Reclinables,Sofás y Sillones,06/30/2017,1899
Reclinable Mariano Marrón,Mica,Sillones Reclinables,Sofás y Sillones,02/07/2018,749
Sofá Reclinable Hanoi 3 cuerpos,Mica,Sillones Reclinables,Sofás y Sillones,08/15/2017,1199
Sofá Reclinable Phuket 3 cuerpos,Mica,Sofá,Sofás y Sillones,01/22/2017,1299
Sofá 1 cuerpos Córcega Celeste,Basement Home,Sofá,Sofás y Sillones,01/15/2018,999
Sofá 3 cuerpos,Basement Home,Sofá,Sofás y Sillones,11/7/2017,1999
Sofá 3 cuerpos Tela Net 201 cm,Mica,Sofá,Sofás y Sillones,01/13/2017,999
Sofá Trevor 206 cm,Crate & Barrel,Sofá,Sofás y Sillones,08/23/2017,7999
Juego de Sala Lisboa Café Moro 3-2-1 Cuerpos,Mica,Juegos de Sala,Sofás y Sillones,03/14/2018,1999
Juego de Sala Sala Pisa 3-2 Cuerpos Grafito,Mica,Juegos de Sala,Sofás y Sillones,04/11/2018,1199
Juego de Sala Dawson 3-2-1 Cuerpos,Mica,Juegos de Sala,Sofás y Sillones,05/28/2017,3999
Juego Sala Miollo 3-2-1 Cuerpos,Mica,Juegos de Sala,Sofás y Sillones,08/23/2017,1699
Juego de Sala Alaska Tela Marrón Oscuro 3-2-1 Cuerpos,Mica,Juegos de Sala,Sofás y Sillones,11/01/2017,1399
Sofá 1 cuerpo Córcega Celeste,Basement Home,Sillas y Butacas,Sillas y Butacas,04/16/2017,999
Silla Bistrol Negro,Mica,Sillas y Butacas,Sillas y Butacas,02/21/2017,99
Silla Comedor Bilund Azul,Mica,Sillas y Butacas,Sillas y Butacas,03/25/2017,119
Sillón de club de cuero Eiffel,Crate & Barrel,Sillas y Butacas,Sillas y Butacas,05/13/2017,9999
Sillón de cuero metropole,Crate & Barrel,Sillas y Butacas,Sillas y Butacas,03/26/2017,8999
Sillón Reclinable de Cuero Greer,Crate & Barrel,Sillas y Butacas,Sillas y Butacas,04/08/2017,9999
Sillón Giratorio Talia,Crate & Barrel,Sillas y Butacas,Sillas y Butacas,01/10/2017,4799
Sillón Axis II,Crate & Barrel,Sillas y Butacas,Sillas y Butacas,06/28/2017,4499
Sofá con funda lounge II Petite 211cm,Crate & Barrel,Sillas y Butacas,Sillas y Butacas,03/03/2018,4499
Sillón Montclair,Crate & Barrel,Sillas y Butacas,Sillas y Butacas,10/13/2017,3999
Sillón Elyse Denim,Crate & Barrel,Sillas y Butacas,Sillas y Butacas,03/24/2018,3199
Sillón Giratorio de Cuero Lounge II Petite,Crate & Barrel,Sillas y Butacas,Sillas y Butacas,3/1/2017,7999
Sillón Reclinable Royce Heather,Crate & Barrel,Sillas y Butacas,Sillas y Butacas,04/02/2018,3999
Sillón Rochelle,Crate & Barrel,Sillas y Butacas,Sillas y Butacas,08/06/2017,5299
Sillón Davis,Crate & Barrel,Sillas y Butacas,Sillas y Butacas,10/24/2017,5299
Sillón de cuero Davis,Crate & Barrel,Sillas y Butacas,Sillas y Butacas,02/27/2018,5999
Sillon Giratorio de Cuero Axis II,Crate & Barrel,Sillas y Butacas,Sillas y Butacas,05/13/2017,8999
Sillón de Cuero Axis II,Crate & Barrel,Sillas y Butacas,Sillas y Butacas,04/06/2018,7199
Silla de Cuero Cavett,Crate & Barrel,Sillas y Butacas,Sillas y Butacas,2/6/2018,5299
Juego de Comedor Irina Mesa con 4 sillas negro,Mica,Juegos de comedor,Comedores,03/09/2017,59
Juego de comedor Onee 6 sillas,Mica,Juegos de comedor,Comedores,05/01/2017,1499
Juego de comedor expandible rivers redondo 4 sillas,Rivers,Juegos de comedor,Comedores,04/07/2017,1199
Juego de comedor Aroow 6 sillas,Arrow,Juegos de comedor,Comedores,05/10/2017,2499
Juego de comedor 6 sillas tela Carlo,Carlo,Juegos de comedor,Comedores,05/06/2017,1899
Juego de comedor Irina Mesa con 4 sillas gris,Mica,Juegos de comedor,Comedores,09/01/2017,599
Mesa de comedor expandible Pranzo II Bruno,Crate & Barrel,Mesa de comedor,Comedores,12/7/2017,7699
Mesa de comedor expandible Pranzo II Vamelie,Crate & Barrel,Mesa de comedor,Comedores,06/03/2017,7699
Mesa de comedor Alta Galvin,Crate & Barrel,Mesa de comedor,Comedores,05/24/2018,3499
Mesa de comedor Galvin,Crate & Barrel,Mesa de comedor,Comedores,08/21/2017,4499
Mesa de comedor Basque,Crate & Barrel,Mesa de comedor,Comedores,8/7/2017,2699
Mesa de comedor Basque Gris,Crate & Barrel,Mesa de comedor,Comedores,04/14/2017,3699
Mesa Ebony,Maria Yee,Mesa de comedor,Comedores,12/17/2017,1899
Mesa de comedor Java Basque de 208 cm,Crate & Barrel,Mesa de comedor,Comedores,03/20/2018,2899
Silla Bistrol Negro,Mica,Silla de comedor,Comedores,05/30/2017,99
Silla Comedor Bilund Azul,Mica,Silla de comedor,Comedores,10/12/2017,119
Silla de comedor Elston,Crate & Barrel,Silla de comedor,Comedores,03/10/2018,899
Cojín Banco de 122cm Basque Natural,Crate & Barrel,Silla de comedor,Comedores,03/09/2017,299
Cojín para banco de 157cm Basque Natural,Crate & Barrel,Silla de comedor,Comedores,07/28/2017,349
Silla de comedor Fiji,Crate & Barrel,Silla de comedor,Comedores,02/09/2018,879
Silla de comedor de cuero Lowe Chocolate,Crate & Barrel,Silla de comedor,Comedores,05/27/2017,899
Silla de comedor Tapizada Lowe Caqui,Crate & Barrel,Silla de comedor,Comedores,03/30/2018,599
Aparador Paloma I Grande,Crate & Barrel,Aparadores y Consolas,Comedores,09/21/2017,8499
Aparador Paloma I Chico,Crate & Barrel,Aparadores y Consolas,Comedores,10/02/2017,5199
Aparador Pranzo II Bruno,Crate & Barrel,Aparadores y Consolas,Comedores,02/18/2017,5299
Aparador Superior Vasco,Crate & Barrel,Aparadores y Consolas,Comedores,12/25/2017,4499
Armario Alto Casement Negro,Crate & Barrel,Aparadores y Consolas,Comedores,3/12/2017,3999
Aparador Facet,Crate & Barrel,Aparadores y Consolas,Comedores,5/5/2017,1999
Aparador de Madera Reciclada Paloma II Grande,Crate & Barrel,Aparadores y Consolas,Comedores,01/13/2017,8499
Aparador de Madera Reciclada Paloma II Pequeño,Crate & Barrel,Aparadores y Consolas,Comedores,05/07/2018,5199
Aparador Galvin,Crate & Barrel,Aparadores y Consolas,Comedores,01/29/2018,5299
Estante Lyon,Basement Home,Esantes y Libreros,Mesas de Centro y Complementos,04/27/2017,1199
Repisa de Pared Loft I,Crate & Barrel,Esantes y Libreros,Mesas de Centro y Complementos,02/05/2017,1199
Biblioteca Elevate de 172 cm Nogal,Crate & Barrel,Esantes y Libreros,Mesas de Centro y Complementos,03/08/2018,7199
Divisor de Habitacion Echo,Crate & Barrel,Esantes y Libreros,Mesas de Centro y Complementos,07/13/2017,4899
Estantería de tres pisos Beckett,Crate & Barrel,Esantes y Libreros,Mesas de Centro y Complementos,05/07/2018,2999
Banco de Vestíbulo con Repisa Yukon,Crate & Barrel,Esantes y Libreros,Mesas de Centro y Complementos,07/25/2017,3699
Beckett 3 High Shelf BR II,Crate & Barrel,Esantes y Libreros,Mesas de Centro y Complementos,11/03/2017,2999
Beckett 5 High Shelf BR II,Crate & Barrel,Esantes y Libreros,Mesas de Centro y Complementos,04/03/2018,3999
Librero Grande Remi,Crate & Barrel,Esantes y Libreros,Mesas de Centro y Complementos,04/11/2017,3199
Repisa de 6 Niveles Beckett,Crate & Barrel,Esantes y Libreros,Mesas de Centro y Complementos,10/17/2017,5999
Módulo de 2 cajones aspect blanco 58cm,Crate & Barrel,Esantes y Libreros,Mesas de Centro y Complementos,01/24/2017,749
Repisa Rubix,Crate & Barrel,Esantes y Libreros,Mesas de Centro y Complementos,03/21/2018,899
Librero de Almacenamieto Alto Knox,Crate & Barrel,Esantes y Libreros,Mesas de Centro y Complementos,03/31/2017,5299
Librero de Almacenamieto Bajo Knox,Crate & Barrel,Esantes y Libreros,Mesas de Centro y Complementos,05/07/2017,3699
Librero Abierto Alto Knox,Crate & Barrel,Esantes y Libreros,Mesas de Centro y Complementos,01/14/2018,4499
Librero Abierto Bajo Knox,Crate & Barrel,Esantes y Libreros,Mesas de Centro y Complementos,03/03/2018,2699
Gabinete Archivador de 2 Cajones Pilsen Grafito,crate & Barrel,Esantes y Libreros,Mesas de Centro y Complementos,03/20/2017,899
Librero Pilsen Grafito,crate & Barrel,Esantes y Libreros,Mesas de Centro y Complementos,06/17/2018,1799
Librero de Teca Strut,crate & Barrel,Esantes y Libreros,Mesas de Centro y Complementos,12/29/2017,2699
Biblioteca Pilsen Salt,crate & Barrel,Esantes y Libreros,Mesas de Centro y Complementos,08/30/2017,1799
Aparador Paloma I Grande,crate & Barrel,Aparadores y Consolas,Mesas de Centro y Complementos,03/22/2017,8499
Aparador Paloma I Chico,crate & Barrel,Aparadores y Consolas,Mesas de Centro y Complementos,06/23/2018,5199
Aparador Pranzo II Bruno,crate & Barrel,Aparadores y Consolas,Mesas de Centro y Complementos,04/25/2017,5299
Aparador Superior Vasco,crate & Barrel,Aparadores y Consolas,Mesas de Centro y Complementos,03/22/2017,4499
Armario Alto Casement Negro,crate & Barrel,Aparadores y Consolas,Mesas de Centro y Complementos,04/29/2018,3999
Aparador Facet,crate & Barrel,Aparadores y Consolas,Mesas de Centro y Complementos,09/07/2017,1999
Aparador de Madera Reciclada Paloma II Grande,crate & Barrel,Aparadores y Consolas,Mesas de Centro y Complementos,01/19/2017,8499
Aparador de Madera Reciclada Paloma II Pequeño,crate & Barrel,Aparadores y Consolas,Mesas de Centro y Complementos,01/17/2017,5199
Aparador Galvin,crate & Barrel,Aparadores y Consolas,Mesas de Centro y Complementos,03/18/2018,5299
Aparador Abierto Trattoria,crate & Barrel,Aparadores y Consolas,Mesas de Centro y Complementos,01/28/2018,1999
Aparador Monarch,Maria Yee,Aparadores y Consolas,Mesas de Centro y Complementos,10/09/2017,11999
Aparador Big Sur Gris Carbón,crate & Barrel,Aparadores y Consolas,Mesas de Centro y Complementos,06/02/2018,8699
Centro de Entretenimiento Austin de 157cm,crate & Barrel,Centros de entretenimiento y TV,Centros de entretenimiento,04/24/2017,4499
Centro de Entretenimiento Blake Gris Lavado de 173cm,crate & Barrel,Centros de entretenimiento y TV,Centros de entretenimiento,04/26/2018,5299
Centro de Entretenimiento Blake Gris Lavado de 107cm,crate & Barrel,Centros de entretenimiento y TV,Centros de entretenimiento,03/08/2017,3599
Centro de Entretenimiento Pearson 140cm,crate & Barrel,Centros de entretenimiento y TV,Centros de entretenimiento,02/23/2017,5299
Consola para Media Wyat Bourbon 152cm,crate & Barrel,Centros de entretenimiento y TV,Centros de entretenimiento,03/20/2018,3999
Consola para Media Marin Shitake 147.32cm,crate & Barrel,Centros de entretenimiento y TV,Centros de entretenimiento,05/26/2018,4999
Centro de Entretenimiento Marin de 147cm,Maria Yee,Centros de entretenimiento y TV,Centros de entretenimiento,07/09/2017,4999
Centro de Entretenimiento Marin de 110cm,Maria Yee,Centros de entretenimiento y TV,Centros de entretenimiento,12/13/2017,2499
Librero Spotlight Blanco,crate & Barrel,Centros de entretenimiento y TV,Centros de entretenimiento,01/03/2017,2499
Set Modular Finlandia,Basement Home,Centros de entretenimiento y TV,Centros de entretenimiento,03/26/2018,549
Mesa de Television Koln,basement Home,Centros de entretenimiento y TV,Centros de entretenimiento,08/07/2017,1599
Centro de Entretenimiento Acacia Naturale,mica,Centros de entretenimiento y TV,Centros de entretenimiento,11/27/2017,399
Estante Lyon,basement Home,Estantes y Libreros,Centros de entretenimiento,2/12/2018,1199
Repisa de Pared Loft I,crate & Barrel,Estantes y Libreros,Centros de entretenimiento,01/29/2018,1199
Biblioteca Elevate de 172 cm Nogal,crate & Barrel,Estantes y Libreros,Centros de entretenimiento,01/18/2018,7199
Divisor de Habitacion Echo,crate & Barrel,Estantes y Libreros,Centros de entretenimiento,03/09/2018,4899
Estanteria de Tres Pisos Beckett,crate & Barrel,Estantes y Libreros,Centros de entretenimiento,01/13/2018,2999
Banco de Vestíbulo con Repisa Yukon,crate & Barrel,Estantes y Libreros,Centros de entretenimiento,03/14/2017,3699
Beckett 3 High Shelf BR II,crate & Barrel,Estantes y Libreros,Centros de entretenimiento,02/22/2018,2999
Beckett 5 High Shelf BR II,crate & Barrel,Estantes y Libreros,Centros de entretenimiento,12/16/2017,3999
Armario Barnes,crate & Barrel,Roperos,Roperos,03/05/2017,2999
Comoda de 5 Cajones Oliver,crate & Barrel,Roperos,Roperos,05/21/2018,2799
Comoda de 6 Cajones Dawson Gris,crate & Barrel,Roperos,Roperos,01/16/2018,5499
Comoda de 5 Cajones Colette,crate & Barrel,Roperos,Roperos,08/02/2017,4499
Ropero Asis Natural,mica,Roperos,Roperos,02/01/2018,399
Ropero 3 Puertas 2 Cajones Caxias,mica,Roperos,Roperos,08/09/2017,199
Ropera con Espejo 7 Puertas 2 Cajones Teca,Ambienta,Roperos,Roperos,05/21/2017,449
Ropero 3 Puertas Corredizas 3 Cajones mas Espejo Madrid,mica,Roperos,Roperos,4/1/2017,379
Ropero Geminis 6 Puertas 4 Cajones,Pisoapk,Roperos,Roperos,04/25/2018,999
Ropero Cremona Cedro,Pisoapk,Roperos,Roperos,07/07/2017,999
Ropera PK 120 Royal Cherry,Pisoapk,Roperos,Roperos,06/06/2018,699
Ropero 3 Puertas Corredizas 3 Cajones mas Espejo Madrid,mica,Roperos,Roperos,09/17/2017,379
Ropero Bolita de Jabon 4 Puertas 1 Cajon,Multi Moveis,Roperos,Roperos,05/30/2018,899.5
Ropero Bambino 3 Puertas ,Henn,Roperos,Roperos,07/15/2017,749.5
Ropero Paracas Marron,Pisoapk,Roperos,Roperos,08/09/2017,499
Ropero Tamesis Marron,Pisoapk,Roperos,Roperos,02/26/2018,499
Ropero Asis Nogal Almendra,Mica,Roperos,Roperos,04/30/2017,399
Ropero Panal 1 Puerta 2 Cajones,Henn,Roperos,Roperos,04/23/2018,649.5
Ropero Holanda Marron,Pisoapk,Roperos,Roperos,01/27/2018,629
Ropero Helado 3 Puertas 2 Cajones,Multi Moveis,Roperos,Roperos,05/24/2017,599.5
Ropero Manzana de Amor 3 Puertas,Henn,Roperos,Roperos,11/30/2017,849.5
Escritorio Spotlight Blanco de 147cm,crate & Barrel,Escritorios,Muebles de oficina,04/15/2017,2699
Escritorio Spotlight Ebano de 122cm,crate & Barrel,Escritorios,Muebles de oficina,09/11/2017,2199
Escritorio Spotlight Blanco de 122cm,crate & Barrel,Escritorios,Muebles de oficina,01/02/2018,2199
Escritorio Spotlight Ebano de 147cm,crate & Barrel,Escritorios,Muebles de oficina,12/09/2017,2699
Escritorio Morris Marron Chocolate 152cm,crate & Barrel,Escritorios,Muebles de oficina,11/22/2017,3499
Beckett Writing Desk,crate & Barrel,Escritorios,Muebles de oficina,08/22/2017,3199
Escritorio Atwood,crate & Barrel,Escritorios,Muebles de oficina,05/25/2018,6999
Escritorio Knox,crate & Barrel,Escritorios,Muebles de oficina,10/20/2017,3699
Escritorio Grafito Pilsen,crate & Barrel,Escritorios,Muebles de oficina,11/15/2017,899
Escriitorio Pilsen Salt,crate & Barrel,Escritorios,Muebles de oficina,01/14/2018,899
Escritorio Ejecutivo Knox,crate & Barrel,Escritorios,Muebles de oficina,05/26/2018,8899
Escritorio de Madera Recuperada Morris Gris Cenizo 152cm,crate & Barrel,Escritorios,Muebles de oficina,07/15/2017,3499
Escritorio de Madera Recuperada Morris Gris Cenizo 122cm,crate & Barrel,Escritorios,Muebles de oficina,08/05/2017,1899
Escritorio Illinois Avellana,Mica,Escritorios,Muebles de oficina,07/06/2017,299
Silla para Oficina Tapizada Liv,crate & Barrel,Sillas de Escritorio,Muebles de oficina,10/04/2017,5199
Silla de Oficina Steelcase Think,crate & Barrel,Sillas de Escritorio,Muebles de oficina,02/01/2018,4499
Silla de Oficina de Cuero Ripple Marfil,crate & Barrel,Sillas de Escritorio,Muebles de oficina,10/14/2017,1599
Silla de Cuero Humo Harvey Gris,crate & Barrel,Sillas de Escritorio,Muebles de oficina,05/11/2017,1499
Silla de Oficina de Cuero Steelcase Think Ebano,crate & Barrel,Sillas de Escritorio,Muebles de oficina,05/07/2018,4799
Silla de Oficina Flying Arm,Mica,Sillas de Escritorio,Muebles de oficina,04/20/2018,119
Silla de Diseño Minerva,Mica,Sillas de Escritorio,Muebles de oficina,07/20/2017,149
Silla de Oficina Boulder,Mica,Sillas de Escritorio,Muebles de oficina,01/25/2018,149
Silla de Oficina Danes,Mica,Sillas de Escritorio,Muebles de oficina,9/4/2017,99
Silla de Oficina Denver,Mica,Sillas de Escritorio,Muebles de oficina,4/9/2017,169
Silla de Oficina Boulder,Mica,Sillas de Escritorio,Muebles de oficina,03/11/2017,149
Silla de Comedor con Cojin Dune,crate & Barrel,"Sofas, Sillones y Mesas",Terraza,12/06/2017,1799
Cojin para Silla de Comedor Regatta,crate & Barrel,"Sofas, Sillones y Mesas",Terraza,10/21/2017,99
Cojin para Banca de Comedor Regatta,crate & Barrel,"Sofas, Sillones y Mesas",Terraza,03/29/2018,299
Banco para Bar Dune con Cojin de 77cm,crate & Barrel,"Sofas, Sillones y Mesas",Terraza,07/02/2017,2199
Mesa de Centro Alfresco Gris,crate & Barrel,"Sofas, Sillones y Mesas",Terraza,04/21/2017,899
Silla de Comedor Regatta,crate & Barrel,"Sofas, Sillones y Mesas",Terraza,01/05/2018,2199
Silla de Comedor con Malla Regatta,crate & Barrel,"Sofas, Sillones y Mesas",Terraza,09/14/2017,1999
Mesa de Comedor Rectangular Regatta,crate & Barrel,"Sofas, Sillones y Mesas",Terraza,04/01/2017,7699
Silla Rocha II Dining,crate & Barrel,Comedores,Terraza,05/07/2017,699
Mesa de Comedor Rocha II Rectangular,crate & Barrel,Comedores,Terraza,09/12/2017,2399
Mesa de Comedor Coco,Garden Design,Comedores,Terraza,07/27/2017,299
Cojin de Silla de Comedor Sunbrella Regatta,crate & Barrel,Comedores,Terraza,06/13/2017,99
Silla Alfresco II Dining Gris,crate & Barrel,Comedores,Terraza,09/05/2017,699
Cojin para Silla de Comedor y Silla de Bar Union,crate & Barrel,Comedores,Terraza,07/18/2017,99
Herramienta para Chimenea con Trenzado Bronce,crate & Barrel,Complementos de Terraza,Terraza,01/03/2018,599
Portaleña de Laton Envejecido,crate & Barrel,Complementos de Terraza,Terraza,01/16/2018,549
Mesa de Centro llana,basement Home,Complementos de Terraza,Terraza,07/27/2017,199
Soporte para Leña,crate & Barrel,Complementos de Terraza,Terraza,03/14/2017,829
Parante para Sombrilla Charcoal Pequeño,crate & Barrel,Complementos de Terraza,Terraza,04/01/2017,499
Fogon Carswell,crate & Barrel,Complementos de Terraza,Terraza,01/09/2017,1799
Cojin Piedra,crate & Barrel,Complementos de Terraza,Terraza,02/07/2018,99
Cojin para Exteriores Sunbrella 51x51 Azul Mediterraneo,crate & Barrel,Complementos de Terraza,Terraza,02/09/2018,99
Estante Lyon,basement Home,Estantes y Libreros,Estantes y Libreros,11/17/2017,1199
Repisa de Pared Loft I,crate & Barrel,Estantes y Libreros,Estantes y Libreros,11/27/2017,1199
Biblioteca Elevate de 172 cm Nogal,crate & Barrel,Estantes y Libreros,Estantes y Libreros,06/20/2018,7199
Divisor de Habitacion Echo,crate & Barrel,Estantes y Libreros,Estantes y Libreros,11/7/2017,4899
Estanteria de Tres Pisos Beckett,crate & Barrel,Estantes y Libreros,Estantes y Libreros,04/01/2017,2999
Banco de Vestíbulo con Repisa Yukon,crate & Barrel,Estantes y Libreros,Estantes y Libreros,06/11/2018,3699
Beckett 3 High Shelf BR II,crate & Barrel,Estantes y Libreros,Estantes y Libreros,6/11/2018,2999
Beckett 5 High Shelf BR II,crate & Barrel,Estantes y Libreros,Estantes y Libreros,04/19/2018,3999
Librero Grande Remi,crate & Barrel,Estantes y Libreros,Estantes y Libreros,02/12/2017,3199
Sofa 2 cuerpos Chaplin,basement Home,Cuerina,Sofas,01/20/2018,899
Sofa 3 cuerpos Chaplin,basement Home,Cuerina,Sofas,05/20/2018,1199
Juego de Sala Sala Toscana 3-2-1 Cuerpos Ocre,mica,Cuerina,Sofas,02/16/2018,1799
Juego de Sala Sophia 3-2 cuerpos Arena Marron con Banqueta,mica,Cuerina,Sofas,07/30/2017,2299
Juego de Sala Sophia 3-2 cuerpos Arena Marron,mica,Cuerina,Sofas,03/18/2017,1899
Sofa 2 cuerpos de Cuerina Milan Chocolate,mica,Cuerina,Sofas,12/26/2017,699
Sofa 2 cuerpos Senegal,basement Home,Cuero,Sofas,10/31/2017,1699
Reclinable Rafaella 3 cuerpos Marron,mica,Cuero,Sofas,07/17/2017,1699
Sofa 2 cuerpos Bogetta Beige,natuzzi,Cuero,Sofas,02/13/2017,2999
Sofa 1 cuerpo Borg Cuero 105cm,basement Home,Cuero,Sofas,05/04/2017,1799
Sofa 2 cuerpos Michigan Marron,basement Home,Cuero,Sofas,02/02/2018,2299
Sofa Toscana 2 cuerpos,natuzzi,Cuero,Sofas,12/25/2017,4299
Sofa 2 cuerpos Bogetta Beige,natuzzi,Cuero,Sofas,02/13/2018,2999
Sofa Toscana 2 cuerpos Chocolate,natuzzi,Cuero,Sofas,06/10/2017,4299
Sofa Toscana 2 cuerpos Chocolate Blanco,natuzzi,Cuero,Sofas,03/24/2018,4299
Sofa 1 cuerpo Corega Celeste,basement Home,Tela,Sofas,02/17/2018,999
Sofa 3 cuerpos Tela Net 201cm,mica,Tela,Sofas,04/25/2017,999
Sofa Davis,crate & Barrel,Tela,Sofas,10/08/2017,4799
Sofa de 3 puestos Davis,crate & Barrel,Tela,Sofas,06/21/2018,5999
Sofa en L Davis de 3 puestos Cafe Claro,crate & Barrel,Tela,Sofas,01/03/2017,7199
Sofa en L Davis de 3 puestos,crate & Barrel,Tela,Sofas,04/23/2018,7199
Sofa Cama Davis Queen,crate & Barrel,Tela,Sofas,08/28/2017,7699
Sofa cama Davis Queen,crate & Barrel,Tela,Sofas,11/15/2017,5999
Sofa 2 cuerpos Carolina Turqueza,mica,Tela,Sofas,09/09/2017,799
Sofa 3 cuerpos Carolina Verde,mica,Tela,Sofas,02/28/2017,1199
Alfombra Viscosa Passion,mica,Alfombras,Alfombras,09/08/2017,424
Alfombra Yute,mica,Alfombras,Alfombras,03/29/2018,499
Alfombra Cuero Corbit,mica,Alfombras,Alfombras,04/25/2018,649
Alfombra Aldona,mica,Alfombras,Alfombras,4/9/2017,599
Alfombra Viscosa Medina,mica,Alfombras,Alfombras,06/25/2018,499
Alfombra Aldona,mica,Alfombras,Alfombras,08/21/2017,1099
Alfombra Willy,mica,Alfombras,Alfombras,09/29/2017,899
Alfombra Cuero Corbit,mica,Alfombras,Alfombras,07/29/2017,999
Alfombra Seda Hovenia,mica,Alfombras,Alfombras,10/12/2017,549
Alfombra Aldona,mica,Alfombras,Alfombras,11/19/2017,599
Alfombra Willy,mica,Alfombras,Alfombras,04/26/2018,499
Alfombra Cuero Corbit,mica,Alfombras,Alfombras,5/7/2018,899
Juego de Sala Lisboa Cafe Moro 3-2-1 cuerpos,mica,Juegos de Sala,Juegos de Sala,10/04/2017,1999
Juego de Sala Sala Pisa 3-2 cuerpos Grafito,mica,Juegos de Sala,Juegos de Sala,04/18/2018,1199
Juego de Sala Dawson 3-2-1 cuerpos,mica,Juegos de Sala,Juegos de Sala,02/20/2017,3999
Juego de Sala Miollo 3-2-1 cuerpos,mica,Juegos de Sala,Juegos de Sala,02/19/2018,1699
Juego de Sala Alaska Tela Marron Oscuro 3-2-1 cuerpos,mica,Juegos de Sala,Juegos de Sala,10/29/2017,1399
Juego de Sala Miollo Negro 3-2-1 cuerpos,mica,Juegos de Sala,Juegos de Sala,10/31/2017,1699
Sofa 1 cuerpo Corcega Celeste,basement Home,Sillas y Butacas,Sillas y Butacas,10/13/2017,999
Silla Bistrol Negro,mica,Sillas y Butacas,Sillas y Butacas,06/11/2017,99
Silla Comedor Bilund Azul,mica,Sillas y Butacas,Sillas y Butacas,06/14/2018,119
Sillon de Club de Cuero Eiffel,crate & Barrel,Sillas y Butacas,Sillas y Butacas,07/30/2017,9999
Sillon de Cuero Metropole,crate & Barrel,Sillas y Butacas,Sillas y Butacas,07/26/2017,8999
Sillon Reclinable de Cuero Greer,crate & Barrel,Sillas y Butacas,Sillas y Butacas,06/27/2017,9999
Sillon Giratorio Talia,crate & Barrel,Sillas y Butacas,Sillas y Butacas,4/9/2017,4799
Sillon Axis II,crate & Barrel,Sillas y Butacas,Sillas y Butacas,01/24/2017,4499
Aparador Paloma I Grande,crate & Barrel,Aparadores y Consolas,Aparadores y Consolas,06/06/2018,8499
Aparador Paloma I Chico,crate & Barrel,Aparadores y Consolas,Aparadores y Consolas,06/28/2017,5199
Aparador Pranzo II Bruno,crate & Barrel,Aparadores y Consolas,Aparadores y Consolas,12/07/2017,5299
Aparador Superior Vasco,crate & Barrel,Aparadores y Consolas,Aparadores y Consolas,12/25/2017,4499
Armario Alto Casement Negro,crate & Barrel,Aparadores y Consolas,Aparadores y Consolas,09/12/2017,3999
Aparador Facet,crate & Barrel,Aparadores y Consolas,Aparadores y Consolas,09/20/2017,1999
Aparador de Madera Reciclada Paloma II Grande,crate & Barrel,Aparadores y Consolas,Aparadores y Consolas,11/05/2017,8499
Aparador de Madera Reciclada Paloma II Pequeño,crate & Barrel,Aparadores y Consolas,Aparadores y Consolas,03/30/2017,5199
Banco de Bar Ronden Turquesa,mica,Bancos,Bares,10/27/2017,149
Banco de Bar York Rojo,mica,Bancos,Bares,02/23/2018,129
Banco de Bar York Blanco,mica,Bancos,Bares,06/12/2017,129
Farol Metal Blanco,mica,Lamparas,Lamparas,07/13/2017,51
Farol Vidrio Marron,mica,Lamparas,Lamparas,05/09/2018,14
Farol Metal Negro,mica,Lamparas,Lamparas,05/08/2017,17
Farol Metal Blanco,mica,Lamparas,Lamparas,07/04/2017,9.9
Lampara Decorativa Suspendido 43W,desiree,Lamparas,Lamparas,6/12/2017,20
Lampara Decorativa Suspendido 108W,desiree,Lamparas,Lamparas,02/05/2017,1209
Lampara de Mesa Jerry Plata Antigua,crate & Barrel,Lamparas,Lamparas,04/13/2018,1119
Lampara Decorativa Suspendido 36W,desiree,Lamparas,Lamparas,01/23/2017,479
Lampara Mesa Jerry Doughnut Bronce,crate & Barrel,Lamparas,Lamparas,02/04/2018,899
Lampara Decorativa Suspendido 15W,desiree,Lamparas,Lamparas,03/01/2017,179
Lampara Decorativa Suspendido 41W,desiree,Lamparas,Lamparas,6/5/2018,519
Luminaria Priscilla 2 Luces,desiree,Lamparas,Lamparas,01/29/2018,149
Lampara Decorativa Suspendido 35W,desiree,Lamparas,Lamparas,06/19/2017,639
Sofa Reclinable Phuket 3 cuerpos,mica,Sala de estar,Sala de estar,04/09/2017,1299
Reclinable Mariano Gris,mica,Sala de estar,Sala de estar,03/25/2018,749
Sofa 1 cuerpo Corcega Celeste,basement Home,Sala de estar,Sala de estar,03/22/2017,999
Reclinable Lucas 3 cuerpos,roberta allen,Sala de estar,Sala de estar,10/11/2017,2199
Sofa 3 cuerpos,basement Home,Sala de estar,Sala de estar,12/18/2017,1999
Sofa 3 cuerpos Tela Net 201cm,mica,Sala de estar,Sala de estar,08/30/2017,999
Reclinable Mariano Marron,mica,Sala de estar,Sala de estar,04/30/2018,749
Sofa Reclinable Hanoi 3 cuerpos,mica,Sala de estar,Sala de estar,08/29/2017,1199
Reclinable Mariano Gris,mica,Sala de estar,Sala de estar,02/19/2017,749
Sofa Trevor 206cm,crate & Barrel,Sala de estar,Sala de estar,04/06/2017,7999
Sofa de 2 puestos Axis II,crate & Barrel,Sala de estar,Sala de estar,06/26/2017,7999
Sofa de 3 puestos Montclair,crate & Barrel,Sala de estar,Sala de estar,01/15/2017,6399
Estante Lyon,basement Home,Dormitorio,Dormitorio,06/01/2017,1199
Cama Ergo T 2 Plz mas Set de Dormitorio Castelo,rosen,Dormitorio,Dormitorio,01/03/2018,1439
Cama Ergo T Queen mas Set de Dormitorio Castelo,rosen,Dormitorio,Dormitorio,11/21/2017,2449
Cama Ergo T 2 Plzs mas Set de Dormitorio Ferrara,rosen,Dormitorio,Dormitorio,02/23/2018,1899
Cama Beat 2 Plz mas Set de Dormitorio Castelo,rosen,Dormitorio,Dormitorio,10/13/2017,1689
Cama Ergo T queen mas Set de Dormitorio Ferrara mas 2 Almohadas,rosen,Dormitorio,Dormitorio,10/25/2017,2449
Set de Dormitorio New Style 4 2 Plazas,rosen,Dormitorio,Dormitorio,06/15/2018,1709
Cama Ergo T Queen mas Set de Dormitorio Veneto,rosen,Dormitorio,Dormitorio,04/14/2018,2849
Set de Dormitorio Ergo T 2 Plazas,rosen,Dormitorio,Dormitorio,01/19/2017,2099
Cama New Style 2 2 Plz mas Set de Dormitorio Verona,rosen,Dormitorio,Dormitorio,03/08/2017,2149
Juego de Comedor Irina Mesa con 4 Sillas Negro,mica,Juegos de Comedor,Comedor,12/25/2017,599
Juego de Comedor Onee 6 Sillas,mica,Juegos de Comedor,Comedor,06/21/2018,1499
Juego de Comedor Expandible Rivers Redondo 4 Sillas,mica,Juegos de Comedor,Comedor,1/2/2018,1199
Juego de Comedor Arrow 6 Sillas,mica,Juegos de Comedor,Comedor,07/08/2017,2499
Juego de Comedor 6 Sillas Tela Carlo,mica,Juegos de Comedor,Comedor,01/13/2017,1899
Juego de Comedor Irina Mesa con 4 Sillas Gris,mica,Juegos de Comedor,Comedor,04/25/2017,599
Juego de Comedor Irina Mesa con 4 Sillas Blanco,mica,Juegos de Comedor,Comedor,01/12/2017,599
Juego de Comedor Danes 4 Sillas,mica,Juegos de Comedor,Comedor,9/9/2017,1099
Mesa de Comedor Expandible Pranzo II Bruno,crate & Barrel,Mesas de Comedor,Comedor,02/28/2018,7699
Mesa de Comedor Expandible Pranzo II Vamelie,crate & Barrel,Mesas de Comedor,Comedor,09/03/2017,7699
Mesa de Comedor Alta Galvin,crate & Barrel,Mesas de Comedor,Comedor,03/21/2018,3499
Mesa de Comedor Galvin,crate & Barrel,Mesas de Comedor,Comedor,07/22/2017,4499
Mesa de Comedor Basque,crate & Barrel,Mesas de Comedor,Comedor,09/11/2017,2699
Mesa de Comedor Basque Gris,crate & Barrel,Mesas de Comedor,Comedor,06/28/2017,3699
Mesa Ebony,maria yee,Mesas de Comedor,Comedor,09/14/2017,1899
Mesa de Comedor Java Basque de 208cm,crate & Barrel,Mesas de Comedor,Comedor,03/01/2017,2899
Mesa de Comedor Expandible Ovalada Vamelie Pranzo,crate & Barrel,Mesas de Comedor,Comedor,07/14/2017,5999
Mesa Bistro Redonda con Tablero de Cobre 107cm,crate & Barrel,Mesas de Comedor,Comedor,06/01/2018,5699
Silla Bistrol Negro,mica,Sillas de Comedor,Comedor,02/18/2017,99
Silla Comedor Bilund Azul,mica,Sillas de Comedor,Comedor,11/27/2017,119
Silla Comedor Elston,crate & Barrel,Sillas de Comedor,Comedor,09/23/2017,899
Cojin Banco de 122cm Basque Natural,crate & Barrel,Sillas de Comedor,Comedor,02/09/2018,299
Cojin para Banco de 157cm Basque Natural,crate & Barrel,Sillas de Comedor,Comedor,03/10/2018,349
Silla de Comedor Fiji,crate & Barrel,Sillas de Comedor,Comedor,07/12/2017,879
Silla de Comedor de Cuero Lowe Chocolate,crate & Barrel,Sillas de Comedor,Comedor,08/05/2017,899
Silla de Comedor Tapizada Love Caqui,crate & Barrel,Sillas de Comedor,Comedor,02/07/2018,599
Silla de Comedor de Cuero Lowe Onice,crate & Barrel,Sillas de Comedor,Comedor,04/24/2017,899
Silla de Comedor de Cuero Lowe Caqui,crate & Barrel,Sillas de Comedor,Comedor,08/31/2017,899
Silla de Comedor de Cuero Lowe Gris Humo,crate & Barrel,Sillas de Comedor,Comedor,10/27/2017,899
Banca de Cuero Lowe Gris Humo,crate & Barrel,Sillas de Comedor,Comedor,04/12/2018,1299
Silla de Comedor de Cuero Folio,crate & Barrel,Sillas de Comedor,Comedor,4/8/2017,1599
Silla Cody Carbon,crate & Barrel,Sillas de Comedor,Comedor,11/19/2017,999
Marco de Laton Cepillado 30x30cm,crate & Barrel,Cocina,Cocina,05/02/2017,149
Carro de Cocina Sheridan Gris,crate & Barrel,Cocina,Cocina,09/30/2017,1499
Carro de Cocina Sheridan Verde Menta,crate & Barrel,Cocina,Cocina,06/08/2017,1499
Isla de Cocina Gris Sheridan,crate & Barrel,Cocina,Cocina,05/20/2018,2499
Mueble Planchador Janeiro Blanco,pisoapk,Cocina,Cocina,05/03/2018,199
Mesa Multiusos Aleya Blanca,mica,Cocina,Cocina,06/24/2017,299
"Alacena Vertical 1,20cm Blanco",pisoapk,Cocina,Cocina,09/11/2017,199
"Alacena Vertical 1,80cm Blanco",pisoapk,Cocina,Cocina,6/3/2018,269
Mueble Alto 80cm Blanco,pisoapk,Cocina,Cocina,02/09/2017,179
Mueble Bajo 80cm 2 Cajones Blanco,pisoapk,Cocina,Cocina,3/10/2018,449
Mueble Kitchenet Bajo 120,pisoapk,Cocina,Cocina,05/09/2017,119
Mueble de Cocina Microondas,pisoapk,Cocina,Cocina,06/15/2018,449
Lavadero Empotrable de Acero Inox,teka,Cocina,Cocina,06/06/2017,149
Plato Doble para Mascota Verde,pet,Mundo Mascotas,Mundo Mascotas,07/01/2017,4.9
Plato Doble para Mascota Azul,pet,Mundo Mascotas,Mundo Mascotas,02/11/2018,5.9
Juguete Diseño Huesito Pequeño,pet,Mundo Mascotas,Mundo Mascotas,05/20/2017,6.9
Plato Doble para Mascota Rosado,pet,Mundo Mascotas,Mundo Mascotas,04/19/2017,7.9
Juguete Diseño Huesito Pequeño,pet,Mundo Mascotas,Mundo Mascotas,03/13/2018,8.9
Plato Doble para Mascota,pet,Mundo Mascotas,Mundo Mascotas,07/05/2017,9.9
Cepillo de Dientes para Mascota,pet,Mundo Mascotas,Mundo Mascotas,09/01/2017,8.9
Juguete Peluche para Mascotas Estrellla,pet,Mundo Mascotas,Mundo Mascotas,02/13/2018, 13
Juguete Peluche para Mascotas Triangulo,pet,Mundo Mascotas,Mundo Mascotas,05/07/2017,13
Juguete para Gato Diseño Patito,pet,Mundo Mascotas,Mundo Mascotas,03/24/2017,14
Juguete para Gato Diseño Mono,pet,Mundo Mascotas,Mundo Mascotas,02/04/2017,14
Jugiete para Gato Diseño Raton,pet,Mundo Mascotas,Mundo Mascotas,01/13/2017,14
Arena para Gato 5kg,pet,Mundo Mascotas,Mundo Mascotas,08/14/2017,25
Arena Premium para Gato 5kg,pet,Mundo Mascotas,Mundo Mascotas,06/13/2017,30
Armario Alto Gris Lavado Blake,crate & Barrel,Baño,Baño,01/23/2018,4499
Armario Alto Cafe Oscuro Blake,crate & Barrel,Baño,Baño,01/06/2017,3499
Torre de Baño Banya Blanca,crate & Barrel,Baño,Baño,02/03/2017,1799
Escalera Teca,crate & Barrel,Baño,Baño,11/06/2017,899
Canasta Dixon de Bambu con Funda,crate & Barrel,Baño,Baño,08/25/2017,629
Soporte de Acero Inoxidable Pulido para Toallas de Montaje en Pared,crate & Barrel,Baño,Baño,12/8/2017,299
Espejo Redondo,inter design,Baño,Baño,12/29/2017,209
Sutton Basura,inter design,Baño,Baño,8/5/2017,209
Tapete para Piso de Baño de Madera,crate & Barrel,Baño,Baño,2/10/2017,199
Mueble para Baño Triton Blanco,pisoapk,Baño,Baño,03/16/2018,199
Canasta de Alambre con Ruedas,crate & Barrel,Baño,Baño,10/07/2017,179
Cortina de Baño Pebble Matelasse Blanca,crate & Barrel,Baño,Baño,10/19/2017,179
Canasto Sedona Miel Rectangular Grande,crate & Barrel,Baño,Baño,04/26/2018,179
Bata Kimono para Mujer Large,benetton,Baño,Baño,06/19/2017,179
Toalla de Piso de Baño Westport Ostra,crate & Barrel,Baño,Baño,11/09/2017,169
Piso de Baño Westport Blanco,crate & Barrel,Baño,Baño,09/27/2017,169
Juego de Ollas Ceramica,mica,Juego de Olla,Menaje Cocina,09/25/2017,195
Juego de Ollas Antiadherente 9 Piezas,tramontina,Juego de Olla,Menaje Cocina,08/24/2017,370
Juego de Ollas con Tapa de Vidrio Allegra 7 Piezas,tramontina,Juego de Olla,Menaje Cocina,01/07/2018,259
Juego de Ollas Antiadherente Ferra,mica,Juego de Olla,Menaje Cocina,05/31/2017,195
Juegp de Ollas Antiadherente,mica,Juego de Olla,Menaje Cocina,05/14/2018,149
Juego de Ollas Duo Silicone x 10 Piezas,tramontina,Juego de Olla,Menaje Cocina,04/22/2017,999
Juego de Ollas Acero Inoxidable Trix 9 Piezas,tramontina,Juego de Olla,Menaje Cocina,04/21/2017,1499
Juego de Ollas Acero Inoxidable Solas 9 Piezas,tramontina,Juego de Olla,Menaje Cocina,09/11/2017,1229
Juego Ollas Allegra x piezas mas Set de Cubiertos x 24 piezas,tramontina,Juego de Olla,Menaje Cocina,03/31/2017,399
Juego de Ollas Dakar 7 pzas,magefesa,Juego de Olla,Menaje Cocina,09/06/2017,279
Juego de Ollas Inox Tvidrio x 12 Piezas,mica,Juego de Olla,Menaje Cocina,6/3/2018,160
Set de Ollas Primer x 12 Piezas,ilko,Juego de Olla,Menaje Cocina,11/2/2017,199
Juego de Ollas Marquesa Acero Inoxidable 10 Piezas,record,Juego de Olla,Menaje Cocina,06/03/2017,1699
Set 10 pieza Grazia Plus Tapa de Vidrio,record,Juego de Olla,Menaje Cocina,05/25/2018,499
Juego de Ollas Antiadherente Negro x 11 Piezas ,mica,Juego de Olla,Menaje Cocina,10/06/2017,140
Set 6 Piezas Encanto con Tapa de Vidrio mas Sarten,record,Juego de Olla,Menaje Cocina,04/21/2017,259
Set de Sartenes 20 y 24cm,tefal,Sartenes y Woks,Menaje Cocina,10/05/2017,99
Wok Comfort 28cm,tefal,Sartenes y Woks,Menaje Cocina,01/28/2018,89
Sarten Confort 26cm,tefal,Sartenes y Woks,Menaje Cocina,11/07/2017,79
Sarten Comfort 24cm,tefal,Sartenes y Woks,Menaje Cocina,01/22/2017,69
Set x2 Sartenes Ceramica Negro,mica,Sartenes y Woks,Menaje Cocina,06/04/2018,40
Sarten So 26cm Intensive,t-fal,Sartenes y Woks,Menaje Cocina,02/18/2018,96
Sarten 28cm con Espatula,tramontina,Sartenes y Woks,Menaje Cocina,11/08/2017,49
Sarten Clasica x2,iliko,Sartenes y Woks,Menaje Cocina,01/21/2018,50
Set de Sartenes Negro x2,mica,Sartenes y Woks,Menaje Cocina,05/17/2017,50
Sarten 20cm,cook prep eat,Sartenes y Woks,Menaje Cocina,07/29/2017,30
Sarten con Espatula 18cm,tramontina,Sartenes y Woks,Menaje Cocina,05/23/2018,26
Sarten Antiadherente 24cm,cook prep eat,Sartenes y Woks,Menaje Cocina,04/17/2018,40
Juego de Cuchillos Jumbo 4 pzs,tramontina,Cuchillos de Cocina,Menaje Cocina,11/22/2017,50
Taco Base Negra 13 Piezas,mica,Cuchillos de Cocina,Menaje Cocina,08/16/2017,40
Set x6 Cuchillos Elevate mas Carousel,joseph mica,Cuchillos de Cocina,Menaje Cocina,04/10/2018,372
Taco Redondo x6 Piezas,wayu,Cuchillos de Cocina,Menaje Cocina,06/10/2018,40
Afilador Wayu,mica,Cuchillos de Cocina,Menaje Cocina,5/1/2018,40
Cuchillo para Cortar Vegatables,wayu,Cuchillos de Cocina,Menaje Cocina,04/08/2017,7
Cuchillo mas Tenedor PRM,mica,Cuchillos de Cocina,Menaje Cocina,02/18/2018,32
Set Bandeja Madera x 24 Piezas,mica,Cuchillos de Cocina,Menaje Cocina,12/19/2017,50
Escurridos de Vajilla Deluxe simplehuman,simplehuman,Secaplatos,Menaje Cocina,02/20/2018,429
Escurridor de platos acero negro,tramontina,Secaplatos,Menaje Cocina,07/18/2017,319
Escurridor de platos Kom04 blanco,kotini,Secaplatos,Menaje Cocina,05/20/2018,299
Porta platos acero inox,oxo,Secaplatos,Menaje Cocina,03/07/2018,299
Escurridor Smart doble blanco,kotini,Secaplatos,Menaje Cocina,01/12/2018,289
Escurridor de platos wide,kotini,Secaplatos,Menaje Cocina,03/20/2018,239
Escurridor plato expand extend bla,joseph joseph,Secaplatos,Menaje Cocina,04/05/2018,235
Escurridor plato gris,joseph joseph,Secaplatos,Menaje Cocina,10/15/2017,235
Secaplatos Plegable,inter design,Secaplatos,Menaje Cocina,08/28/2017,299
Secaplatos Metro,inter design,Secaplatos,Menaje Cocina,11/29/2017,299
Secaplatos Classico,inter design,Secaplatos,Menaje Cocina,12/18/2017,289
Escurridor de Platos AI,inter design,Secaplatos,Menaje Cocina,04/19/2017,239
Rack para platos Joseph Joseph Connect Chico,crate & Barrel,Secaplatos,Menaje Cocina,05/20/2018,235
Secaplatos Aluminio,inter design,Secaplatos,Menaje Cocina,02/26/2018,235
Sacaplatos Axis,inter design,Secaplatos,Menaje Cocina,07/02/2017,299
Escurridor de platos acero inoxidable,facusa,Secaplatos,Menaje Cocina,10/3/2017,299